"Id","Path","Slice Name","Alias(s)","Label","Min","Max","Must Support?","Is Modifier?","Is Summary?","Type(s)","Short","Definition","Comments","Requirements","Default Value","Meaning When Missing","Fixed Value","Pattern","Example","Minimum Value","Maximum Value","Maximum Length","Binding Strength","Binding Description","Binding Value Set","Code","Slicing Discriminator","Slicing Description","Slicing Ordered","Slicing Rules","Base Path","Base Min","Base Max","Condition(s)","Constraint(s)","Mapping: RIM Mapping"
"HCert","HCert","","","",0,*,"","","","null {[]} {[]}
","Health Certificate","Data elements for the DDCC Core Data Set as CWT for Vaccination.","","","","","","","","","",,,,,"",,,,"Base",0,*,"",""
"HCert.1","HCert.1","","","",0,1,"","","","http://worldhealthorganization.github.io/ddcc/StructureDefinition/HCertDCC {[]} {[]}
","EU DCC","EU DCC","","","","","","","","","",,,,,"",,,,"HCert.1",0,1,"",""
"HCert.2","HCert.2","","","",0,1,"","","","http://worldhealthorganization.github.io/ddcc/StructureDefinition/DDCCCoreDataSet.VS {[]} {[]}
","Vaccination Core Data Set claim","DDCC Vaccination claim","","","","","","","","","",,,,,"",,,,"HCert.2",0,1,"",""
"HCert.3","HCert.3","","","",0,1,"","","","http://worldhealthorganization.github.io/ddcc/StructureDefinition/DDCCCoreDataSet.TR {[]} {[]}
","Vaccination Core Data Set claim","DDCC Test Result claim","","","","","","","","","",,,,,"",,,,"HCert.3",0,1,"",""
