"Id","Path","Slice Name","Alias(s)","Label","Min","Max","Must Support?","Is Modifier?","Is Summary?","Type(s)","Short","Definition","Comments","Requirements","Default Value","Meaning When Missing","Fixed Value","Pattern","Example","Minimum Value","Maximum Value","Maximum Length","Binding Strength","Binding Description","Binding Value Set","Code","Slicing Discriminator","Slicing Description","Slicing Ordered","Slicing Rules","Base Path","Base Min","Base Max","Condition(s)","Constraint(s)","Mapping: RIM Mapping"
"CWT","CWT","","","",0,*,"","","","null {[]} {[]}
","CBOR Web Token (CWT) Claim","Data elements for CWT","","","","","","","","","",,,,,"",,,,"Base",0,*,"",""
"CWT.header","CWT.header","","","",0,1,"","","","http://worldhealthorganization.github.io/ddcc/StructureDefinition/COSE_Header {[]} {[]}
","COSE Header","Header","","","","","","","","","",,,,,"",,,,"CWT.header",0,1,"",""
"CWT.payload","CWT.payload","","","",0,1,"","","","http://worldhealthorganization.github.io/ddcc/StructureDefinition/CWT_Payload {[]} {[]}
","CWT Payload","Payload","","","","","","","","","",,,,,"",,,,"CWT.payload",0,1,"",""
"CWT.signature","CWT.signature","","","",0,1,"","","","string {[]} {[]}
","Signature","Signature","","","","","","","","","",,,,,"",,,,"CWT.signature",0,1,"",""
