<?xml version="1.0" encoding="UTF-8"?>

<Bundle xmlns="http://hl7.org/fhir">
  <id value="267ff89b-720f-4301-8e0a-5f75a3252953"/>
  <meta>
    <lastUpdated value="2022-03-22T21:10:15.761+00:00"/>
  </meta>
  <type value="collection"/>
  <entry>
    <fullUrl value="http://worldhealthorganization.github.io/ddcc/ValueSet/DDCC-Composition-Category-ValueSet"/>
    <resource>
      <ValueSet>
        <id value="DDCC-Composition-Category-ValueSet"/>
        <text>
          <status value="generated"/>
          <div xmlns="http://www.w3.org/1999/xhtml">
            <p>This value set contains 2 concepts</p>
            <p style="border: black 1px dotted; background-color: #EEEEEE; padding: 8px; margin-bottom: 8px">Expansion based on 
              <a href="CodeSystem-DDCC-Composition-Category-CodeSystem.html">DDCC Composition Category Codes v0.3.1 (CodeSystem)</a>
            </p>
            <p>All codes in this table are from the system 
              <a href="CodeSystem-DDCC-Composition-Category-CodeSystem.html">
                <code>http://worldhealthorganization.github.io/ddcc/CodeSystem/DDCC-Composition-Category-CodeSystem</code>
              </a>
            </p>
            <table class="codes">
              <tr>
                <td style="white-space:nowrap">
                  <b>Code</b>
                </td>
                <td>
                  <b>Display</b>
                </td>
              </tr>
              <tr>
                <td style="white-space:nowrap">
                  <a name="http---worldhealthorganization.github.io-ddcc-CodeSystem-DDCC-Composition-Category-CodeSystem-ddcc-vs"> </a>  
                  <a href="CodeSystem-DDCC-Composition-Category-CodeSystem.html#DDCC-Composition-Category-CodeSystem-ddcc-vs">ddcc-vs</a>
                </td>
                <td>DDCC:VS</td>
              </tr>
              <tr>
                <td style="white-space:nowrap">
                  <a name="http---worldhealthorganization.github.io-ddcc-CodeSystem-DDCC-Composition-Category-CodeSystem-ddcc-tr"> </a>  
                  <a href="CodeSystem-DDCC-Composition-Category-CodeSystem.html#DDCC-Composition-Category-CodeSystem-ddcc-tr">ddcc-tr</a>
                </td>
                <td>DDCC:TR</td>
              </tr>
            </table>
          </div>
        </text>
        <url value="http://worldhealthorganization.github.io/ddcc/ValueSet/DDCC-Composition-Category-ValueSet"/>
        <version value="0.3.1"/>
        <name value="DDCC_Composition_Category_ValueSet"/>
        <title value="DDCC Composition Category Codes"/>
        <status value="active"/>
        <date value="2022-03-22T21:10:15+00:00"/>
        <publisher value="WHO"/>
        <contact>
          <name value="WHO"/>
          <telecom>
            <system value="url"/>
            <value value="http://who.int"/>
          </telecom>
        </contact>
        <description value="Categorization of DDCC Composition"/>
        <jurisdiction>
          <coding>
            <system value="http://unstats.un.org/unsd/methods/m49/m49.htm"/>
            <code value="001"/>
          </coding>
        </jurisdiction>
        <expansion>
          <identifier value="urn:uuid:dfffbf04-8234-439e-94f2-f4f2879923fc"/>
          <timestamp value="2022-03-22T21:11:50+00:00"/>
          <total value="2"/>
          <parameter>
            <name value="excludeNested"/>
            <valueBoolean value="false"/>
          </parameter>
          <parameter>
            <name value="version"/>
            <valueUri value="http://worldhealthorganization.github.io/ddcc/CodeSystem/DDCC-Composition-Category-CodeSystem|0.3.1"/>
          </parameter>
          <contains>
            <system value="http://worldhealthorganization.github.io/ddcc/CodeSystem/DDCC-Composition-Category-CodeSystem"/>
            <code value="ddcc-vs"/>
            <display value="DDCC:VS"/>
          </contains>
          <contains>
            <system value="http://worldhealthorganization.github.io/ddcc/CodeSystem/DDCC-Composition-Category-CodeSystem"/>
            <code value="ddcc-tr"/>
            <display value="DDCC:TR"/>
          </contains>
        </expansion>
      </ValueSet>
    </resource>
  </entry>
  <entry>
    <fullUrl value="http://worldhealthorganization.github.io/ddcc/ValueSet/DDCC-Device-Property-ValueSet"/>
    <resource>
      <ValueSet>
        <id value="DDCC-Device-Property-ValueSet"/>
        <text>
          <status value="generated"/>
          <div xmlns="http://www.w3.org/1999/xhtml">
            <p>This value set contains 2 concepts</p>
            <p style="border: black 1px dotted; background-color: #EEEEEE; padding: 8px; margin-bottom: 8px">Expansion based on 
              <a href="CodeSystem-DDCC-Device-Property-CodeSystem.html">DDCC Device Property Codes v0.3.1 (CodeSystem)</a>
            </p>
            <p>All codes in this table are from the system 
              <a href="CodeSystem-DDCC-Device-Property-CodeSystem.html">
                <code>http://worldhealthorganization.github.io/ddcc/CodeSystem/DDCC-Device-Property-CodeSystem</code>
              </a>
            </p>
            <table class="codes">
              <tr>
                <td style="white-space:nowrap">
                  <b>Code</b>
                </td>
                <td>
                  <b>Display</b>
                </td>
              </tr>
              <tr>
                <td style="white-space:nowrap">
                  <a name="http---worldhealthorganization.github.io-ddcc-CodeSystem-DDCC-Device-Property-CodeSystem-pathogen"> </a>  
                  <a href="CodeSystem-DDCC-Device-Property-CodeSystem.html#DDCC-Device-Property-CodeSystem-pathogen">pathogen</a>
                </td>
                <td>Pathogen Targeted</td>
              </tr>
              <tr>
                <td style="white-space:nowrap">
                  <a name="http---worldhealthorganization.github.io-ddcc-CodeSystem-DDCC-Device-Property-CodeSystem-brand"> </a>  
                  <a href="CodeSystem-DDCC-Device-Property-CodeSystem.html#DDCC-Device-Property-CodeSystem-brand">brand</a>
                </td>
                <td>Test Brand</td>
              </tr>
            </table>
          </div>
        </text>
        <url value="http://worldhealthorganization.github.io/ddcc/ValueSet/DDCC-Device-Property-ValueSet"/>
        <version value="0.3.1"/>
        <name value="DDCC_Device_Property_ValueSet"/>
        <title value="DDCC Device Property Codes"/>
        <status value="active"/>
        <date value="2022-03-22T21:10:15+00:00"/>
        <publisher value="WHO"/>
        <contact>
          <name value="WHO"/>
          <telecom>
            <system value="url"/>
            <value value="http://who.int"/>
          </telecom>
        </contact>
        <description value="Properties of DDCC devices"/>
        <jurisdiction>
          <coding>
            <system value="http://unstats.un.org/unsd/methods/m49/m49.htm"/>
            <code value="001"/>
          </coding>
        </jurisdiction>
        <expansion>
          <identifier value="urn:uuid:65d0b45f-53e3-4fc5-bafd-8ab3654ee6fd"/>
          <timestamp value="2022-03-22T21:11:50+00:00"/>
          <total value="2"/>
          <parameter>
            <name value="excludeNested"/>
            <valueBoolean value="false"/>
          </parameter>
          <parameter>
            <name value="version"/>
            <valueUri value="http://worldhealthorganization.github.io/ddcc/CodeSystem/DDCC-Device-Property-CodeSystem|0.3.1"/>
          </parameter>
          <contains>
            <system value="http://worldhealthorganization.github.io/ddcc/CodeSystem/DDCC-Device-Property-CodeSystem"/>
            <code value="pathogen"/>
            <display value="Pathogen Targeted"/>
          </contains>
          <contains>
            <system value="http://worldhealthorganization.github.io/ddcc/CodeSystem/DDCC-Device-Property-CodeSystem"/>
            <code value="brand"/>
            <display value="Test Brand"/>
          </contains>
        </expansion>
      </ValueSet>
    </resource>
  </entry>
  <entry>
    <fullUrl value="http://worldhealthorganization.github.io/ddcc/ValueSet/DDCC-Folder-DesignationType"/>
    <resource>
      <ValueSet>
        <id value="DDCC-Folder-DesignationType"/>
        <text>
          <status value="generated"/>
          <div xmlns="http://www.w3.org/1999/xhtml">
            <p>This value set contains 1 concepts</p>
            <p style="border: black 1px dotted; background-color: #EEEEEE; padding: 8px; margin-bottom: 8px">Expansion based on 
              <a href="CodeSystem-DDCC-Folder-DesignationType.html">DDCC Designation Types for Folder v0.3.1 (CodeSystem)</a>
            </p>
            <p>All codes in this table are from the system 
              <a href="CodeSystem-DDCC-Folder-DesignationType.html">
                <code>http://worldhealthorganization.github.io/ddcc/CodeSystem/DDCC-Folder-DesignationType</code>
              </a>
            </p>
            <table class="codes">
              <tr>
                <td style="white-space:nowrap">
                  <b>Code</b>
                </td>
                <td>
                  <b>Display</b>
                </td>
              </tr>
              <tr>
                <td style="white-space:nowrap">
                  <a name="http---worldhealthorganization.github.io-ddcc-CodeSystem-DDCC-Folder-DesignationType-ddcc"> </a>  
                  <a href="CodeSystem-DDCC-Folder-DesignationType.html#DDCC-Folder-DesignationType-ddcc">ddcc</a>
                </td>
                <td>DDCC</td>
              </tr>
            </table>
          </div>
        </text>
        <url value="http://worldhealthorganization.github.io/ddcc/ValueSet/DDCC-Folder-DesignationType"/>
        <version value="0.3.1"/>
        <name value="DDCC_Folder_DesignationType_ValueSet"/>
        <title value="DDCC DesignationTypes for Folder"/>
        <status value="active"/>
        <date value="2022-03-22T21:10:15+00:00"/>
        <publisher value="WHO"/>
        <contact>
          <name value="WHO"/>
          <telecom>
            <system value="url"/>
            <value value="http://who.int"/>
          </telecom>
        </contact>
        <description value="DDCC Designation Types ValueSet for DDCC Folders."/>
        <jurisdiction>
          <coding>
            <system value="http://unstats.un.org/unsd/methods/m49/m49.htm"/>
            <code value="001"/>
          </coding>
        </jurisdiction>
        <expansion>
          <identifier value="urn:uuid:aaf4ed91-d2a9-483f-8e73-bfef5908b658"/>
          <timestamp value="2022-03-22T21:11:50+00:00"/>
          <total value="1"/>
          <parameter>
            <name value="excludeNested"/>
            <valueBoolean value="false"/>
          </parameter>
          <parameter>
            <name value="version"/>
            <valueUri value="http://worldhealthorganization.github.io/ddcc/CodeSystem/DDCC-Folder-DesignationType|0.3.1"/>
          </parameter>
          <contains>
            <system value="http://worldhealthorganization.github.io/ddcc/CodeSystem/DDCC-Folder-DesignationType"/>
            <code value="ddcc"/>
            <display value="DDCC"/>
          </contains>
        </expansion>
      </ValueSet>
    </resource>
  </entry>
  <entry>
    <fullUrl value="http://worldhealthorganization.github.io/ddcc/ValueSet/DDCC-QR-Format-ValueSet"/>
    <resource>
      <ValueSet>
        <id value="DDCC-QR-Format-ValueSet"/>
        <text>
          <status value="generated"/>
          <div xmlns="http://www.w3.org/1999/xhtml">
            <p>This value set contains 3 concepts</p>
            <p style="border: black 1px dotted; background-color: #EEEEEE; padding: 8px; margin-bottom: 8px">Expansion based on 
              <a href="CodeSystem-DDCC-QR-Format-CodeSystem.html">DDCC QR Format Codes v0.3.1 (CodeSystem)</a>
            </p>
            <p>All codes in this table are from the system 
              <a href="CodeSystem-DDCC-QR-Format-CodeSystem.html">
                <code>http://worldhealthorganization.github.io/ddcc/CodeSystem/DDCC-QR-Format-CodeSystem</code>
              </a>
            </p>
            <table class="codes">
              <tr>
                <td style="white-space:nowrap">
                  <b>Code</b>
                </td>
                <td>
                  <b>Display</b>
                </td>
              </tr>
              <tr>
                <td style="white-space:nowrap">
                  <a name="http---worldhealthorganization.github.io-ddcc-CodeSystem-DDCC-QR-Format-CodeSystem-image"> </a>  
                  <a href="CodeSystem-DDCC-QR-Format-CodeSystem.html#DDCC-QR-Format-CodeSystem-image">image</a>
                </td>
                <td>Image</td>
              </tr>
              <tr>
                <td style="white-space:nowrap">
                  <a name="http---worldhealthorganization.github.io-ddcc-CodeSystem-DDCC-QR-Format-CodeSystem-serialized"> </a>  
                  <a href="CodeSystem-DDCC-QR-Format-CodeSystem.html#DDCC-QR-Format-CodeSystem-serialized">serialized</a>
                </td>
                <td>Serialized QR Content</td>
              </tr>
              <tr>
                <td style="white-space:nowrap">
                  <a name="http---worldhealthorganization.github.io-ddcc-CodeSystem-DDCC-QR-Format-CodeSystem-pdf"> </a>  
                  <a href="CodeSystem-DDCC-QR-Format-CodeSystem.html#DDCC-QR-Format-CodeSystem-pdf">pdf</a>
                </td>
                <td>PDF version of the QR image</td>
              </tr>
            </table>
          </div>
        </text>
        <url value="http://worldhealthorganization.github.io/ddcc/ValueSet/DDCC-QR-Format-ValueSet"/>
        <version value="0.3.1"/>
        <name value="DDCC_QR_Format_ValueSet"/>
        <title value="DDCC QR Format Codes"/>
        <status value="active"/>
        <date value="2022-03-22T21:10:15+00:00"/>
        <publisher value="WHO"/>
        <contact>
          <name value="WHO"/>
          <telecom>
            <system value="url"/>
            <value value="http://who.int"/>
          </telecom>
        </contact>
        <description value="Format of the representation of QR code"/>
        <jurisdiction>
          <coding>
            <system value="http://unstats.un.org/unsd/methods/m49/m49.htm"/>
            <code value="001"/>
          </coding>
        </jurisdiction>
        <expansion>
          <identifier value="urn:uuid:3de9ba02-ed55-45ec-80fd-d87d9b4bf19e"/>
          <timestamp value="2022-03-22T21:11:50+00:00"/>
          <total value="3"/>
          <parameter>
            <name value="excludeNested"/>
            <valueBoolean value="false"/>
          </parameter>
          <parameter>
            <name value="version"/>
            <valueUri value="http://worldhealthorganization.github.io/ddcc/CodeSystem/DDCC-QR-Format-CodeSystem|0.3.1"/>
          </parameter>
          <contains>
            <system value="http://worldhealthorganization.github.io/ddcc/CodeSystem/DDCC-QR-Format-CodeSystem"/>
            <code value="image"/>
            <display value="Image"/>
          </contains>
          <contains>
            <system value="http://worldhealthorganization.github.io/ddcc/CodeSystem/DDCC-QR-Format-CodeSystem"/>
            <code value="serialized"/>
            <display value="Serialized QR Content"/>
          </contains>
          <contains>
            <system value="http://worldhealthorganization.github.io/ddcc/CodeSystem/DDCC-QR-Format-CodeSystem"/>
            <code value="pdf"/>
            <display value="PDF version of the QR image"/>
          </contains>
        </expansion>
      </ValueSet>
    </resource>
  </entry>
  <entry>
    <fullUrl value="http://worldhealthorganization.github.io/ddcc/ValueSet/DDCC-QR-Type-ValueSet"/>
    <resource>
      <ValueSet>
        <id value="DDCC-QR-Type-ValueSet"/>
        <text>
          <status value="generated"/>
          <div xmlns="http://www.w3.org/1999/xhtml">
            <p>This value set contains 6 concepts</p>
            <p style="border: black 1px dotted; background-color: #EEEEEE; padding: 8px; margin-bottom: 8px">Expansion based on 
              <a href="CodeSystem-DDCC-QR-Type-CodeSystem.html">DDCC QR Category Usage Codes v0.3.1 (CodeSystem)</a>
            </p>
            <p>All codes in this table are from the system 
              <a href="CodeSystem-DDCC-QR-Type-CodeSystem.html">
                <code>http://worldhealthorganization.github.io/ddcc/CodeSystem/DDCC-QR-Type-CodeSystem</code>
              </a>
            </p>
            <table class="codes">
              <tr>
                <td style="white-space:nowrap">
                  <b>Code</b>
                </td>
                <td>
                  <b>Display</b>
                </td>
              </tr>
              <tr>
                <td style="white-space:nowrap">
                  <a name="http---worldhealthorganization.github.io-ddcc-CodeSystem-DDCC-QR-Type-CodeSystem-who"> </a>  
                  <a href="CodeSystem-DDCC-QR-Type-CodeSystem.html#DDCC-QR-Type-CodeSystem-who">who</a>
                </td>
                <td>WHO DDCC</td>
              </tr>
              <tr>
                <td style="white-space:nowrap">
                  <a name="http---worldhealthorganization.github.io-ddcc-CodeSystem-DDCC-QR-Type-CodeSystem-dcc"> </a>  
                  <a href="CodeSystem-DDCC-QR-Type-CodeSystem.html#DDCC-QR-Type-CodeSystem-dcc">dcc</a>
                </td>
                <td>EU DCC</td>
              </tr>
              <tr>
                <td style="white-space:nowrap">
                  <a name="http---worldhealthorganization.github.io-ddcc-CodeSystem-DDCC-QR-Type-CodeSystem-icao"> </a>  
                  <a href="CodeSystem-DDCC-QR-Type-CodeSystem.html#DDCC-QR-Type-CodeSystem-icao">icao</a>
                </td>
                <td>ICAO</td>
              </tr>
              <tr>
                <td style="white-space:nowrap">
                  <a name="http---worldhealthorganization.github.io-ddcc-CodeSystem-DDCC-QR-Type-CodeSystem-au"> </a>  
                  <a href="CodeSystem-DDCC-QR-Type-CodeSystem.html#DDCC-QR-Type-CodeSystem-au">au</a>
                </td>
                <td>AU</td>
              </tr>
              <tr>
                <td style="white-space:nowrap">
                  <a name="http---worldhealthorganization.github.io-ddcc-CodeSystem-DDCC-QR-Type-CodeSystem-shc"> </a>  
                  <a href="CodeSystem-DDCC-QR-Type-CodeSystem.html#DDCC-QR-Type-CodeSystem-shc">shc</a>
                </td>
                <td>SMART Health Card</td>
              </tr>
              <tr>
                <td style="white-space:nowrap">
                  <a name="http---worldhealthorganization.github.io-ddcc-CodeSystem-DDCC-QR-Type-CodeSystem-divoc"> </a>  
                  <a href="CodeSystem-DDCC-QR-Type-CodeSystem.html#DDCC-QR-Type-CodeSystem-divoc">divoc</a>
                </td>
                <td>DIVOC</td>
              </tr>
            </table>
          </div>
        </text>
        <url value="http://worldhealthorganization.github.io/ddcc/ValueSet/DDCC-QR-Type-ValueSet"/>
        <version value="0.3.1"/>
        <name value="DDCC_QR_Type_ValueSet"/>
        <title value="DDCC QR Type Codes"/>
        <status value="active"/>
        <date value="2022-03-22T21:10:15+00:00"/>
        <publisher value="WHO"/>
        <contact>
          <name value="WHO"/>
          <telecom>
            <system value="url"/>
            <value value="http://who.int"/>
          </telecom>
        </contact>
        <description value="Type of QR codes by their business usage"/>
        <jurisdiction>
          <coding>
            <system value="http://unstats.un.org/unsd/methods/m49/m49.htm"/>
            <code value="001"/>
          </coding>
        </jurisdiction>
        <expansion>
          <identifier value="urn:uuid:43a71e20-6db0-4880-a873-c8842faf6b16"/>
          <timestamp value="2022-03-22T21:11:50+00:00"/>
          <total value="6"/>
          <parameter>
            <name value="excludeNested"/>
            <valueBoolean value="false"/>
          </parameter>
          <parameter>
            <name value="version"/>
            <valueUri value="http://worldhealthorganization.github.io/ddcc/CodeSystem/DDCC-QR-Type-CodeSystem|0.3.1"/>
          </parameter>
          <contains>
            <system value="http://worldhealthorganization.github.io/ddcc/CodeSystem/DDCC-QR-Type-CodeSystem"/>
            <code value="who"/>
            <display value="WHO DDCC"/>
          </contains>
          <contains>
            <system value="http://worldhealthorganization.github.io/ddcc/CodeSystem/DDCC-QR-Type-CodeSystem"/>
            <code value="dcc"/>
            <display value="EU DCC"/>
          </contains>
          <contains>
            <system value="http://worldhealthorganization.github.io/ddcc/CodeSystem/DDCC-QR-Type-CodeSystem"/>
            <code value="icao"/>
            <display value="ICAO"/>
          </contains>
          <contains>
            <system value="http://worldhealthorganization.github.io/ddcc/CodeSystem/DDCC-QR-Type-CodeSystem"/>
            <code value="au"/>
            <display value="AU"/>
          </contains>
          <contains>
            <system value="http://worldhealthorganization.github.io/ddcc/CodeSystem/DDCC-QR-Type-CodeSystem"/>
            <code value="shc"/>
            <display value="SMART Health Card"/>
          </contains>
          <contains>
            <system value="http://worldhealthorganization.github.io/ddcc/CodeSystem/DDCC-QR-Type-CodeSystem"/>
            <code value="divoc"/>
            <display value="DIVOC"/>
          </contains>
        </expansion>
      </ValueSet>
    </resource>
  </entry>
  <entry>
    <fullUrl value="http://worldhealthorganization.github.io/ddcc/ValueSet/who-ddcc-sample-origin-covid-19"/>
    <resource>
      <ValueSet>
        <id value="who-ddcc-sample-origin-covid-19"/>
        <text>
          <status value="generated"/>
          <div xmlns="http://www.w3.org/1999/xhtml">
            <p>This value set contains 9 concepts</p>
            <p style="border: black 1px dotted; background-color: #EEEEEE; padding: 8px; margin-bottom: 8px">Expansion based on SNOMED CT International edition 31-Jul 2021</p>
            <p>All codes in this table are from the system 
              <a href="http://terminology.hl7.org/3.1.0/CodeSystem-v3-snomed-CT.html">
                <code>http://snomed.info/sct</code>
              </a>
            </p>
            <table class="codes">
              <tr>
                <td style="white-space:nowrap">
                  <b>Code</b>
                </td>
                <td>
                  <b>Display</b>
                </td>
              </tr>
              <tr>
                <td style="white-space:nowrap">
                  <a name="http---snomed.info-sct-258500001"> </a>  
                  <a href="http://snomed.info/id/258500001">258500001</a>
                </td>
                <td>Nasopharyngeal swab</td>
              </tr>
              <tr>
                <td style="white-space:nowrap">
                  <a name="http---snomed.info-sct-461911000124106"> </a>  
                  <a href="http://snomed.info/id/461911000124106">461911000124106</a>
                </td>
                <td>Oropharyngeal swab</td>
              </tr>
              <tr>
                <td style="white-space:nowrap">
                  <a name="http---snomed.info-sct-472881004"> </a>  
                  <a href="http://snomed.info/id/472881004">472881004</a>
                </td>
                <td>Pharyngeal swab</td>
              </tr>
              <tr>
                <td style="white-space:nowrap">
                  <a name="http---snomed.info-sct-472901003"> </a>  
                  <a href="http://snomed.info/id/472901003">472901003</a>
                </td>
                <td>Swab from nasal sinus</td>
              </tr>
              <tr>
                <td style="white-space:nowrap">
                  <a name="http---snomed.info-sct-119342007"> </a>  
                  <a href="http://snomed.info/id/119342007">119342007</a>
                </td>
                <td>Saliva specimen</td>
              </tr>
              <tr>
                <td style="white-space:nowrap">
                  <a name="http---snomed.info-sct-119297000"> </a>  
                  <a href="http://snomed.info/id/119297000">119297000</a>
                </td>
                <td>Blood specimen</td>
              </tr>
              <tr>
                <td style="white-space:nowrap">
                  <a name="http---snomed.info-sct-119361006"> </a>  
                  <a href="http://snomed.info/id/119361006">119361006</a>
                </td>
                <td>Plasma specimen</td>
              </tr>
              <tr>
                <td style="white-space:nowrap">
                  <a name="http---snomed.info-sct-119364003"> </a>  
                  <a href="http://snomed.info/id/119364003">119364003</a>
                </td>
                <td>Serum specimen</td>
              </tr>
              <tr>
                <td style="white-space:nowrap">
                  <a name="http---snomed.info-sct-122592007"> </a>  
                  <a href="http://snomed.info/id/122592007">122592007</a>
                </td>
                <td>Acellular blood (serum or plasma) specimen</td>
              </tr>
            </table>
          </div>
        </text>
        <url value="http://worldhealthorganization.github.io/ddcc/ValueSet/who-ddcc-sample-origin-covid-19"/>
        <version value="0.3.1"/>
        <name value="WHO_DDCC_Sample_Origin_COVID_19"/>
        <title value="WHO Speciman Sample Origin (COVID-19)"/>
        <status value="draft"/>
        <date value="2022-03-22T21:10:15+00:00"/>
        <publisher value="WHO"/>
        <contact>
          <name value="WHO"/>
          <telecom>
            <system value="url"/>
            <value value="http://who.int"/>
          </telecom>
        </contact>
        <description value="WHO Speciman Sample Origin List (COVID-19)"/>
        <jurisdiction>
          <coding>
            <system value="http://unstats.un.org/unsd/methods/m49/m49.htm"/>
            <code value="001"/>
          </coding>
        </jurisdiction>
        <expansion>
          <identifier value="urn:uuid:b7563535-dccb-4748-929a-875b06db0954"/>
          <timestamp value="2022-03-22T21:11:51+00:00"/>
          <total value="9"/>
          <parameter>
            <name value="excludeNested"/>
            <valueBoolean value="false"/>
          </parameter>
          <parameter>
            <name value="limitedExpansion"/>
            <valueBoolean value="true"/>
          </parameter>
          <parameter>
            <name value="version"/>
            <valueUri value="http://snomed.info/sct|http://snomed.info/sct/900000000000207008/version/20210731"/>
          </parameter>
          <contains>
            <system value="http://snomed.info/sct"/>
            <code value="258500001"/>
            <display value="Nasopharyngeal swab"/>
          </contains>
          <contains>
            <system value="http://snomed.info/sct"/>
            <code value="461911000124106"/>
            <display value="Oropharyngeal swab"/>
          </contains>
          <contains>
            <system value="http://snomed.info/sct"/>
            <code value="472881004"/>
            <display value="Pharyngeal swab"/>
          </contains>
          <contains>
            <system value="http://snomed.info/sct"/>
            <code value="472901003"/>
            <display value="Swab from nasal sinus"/>
          </contains>
          <contains>
            <system value="http://snomed.info/sct"/>
            <code value="119342007"/>
            <display value="Saliva specimen"/>
          </contains>
          <contains>
            <system value="http://snomed.info/sct"/>
            <code value="119297000"/>
            <display value="Blood specimen"/>
          </contains>
          <contains>
            <system value="http://snomed.info/sct"/>
            <code value="119361006"/>
            <display value="Plasma specimen"/>
          </contains>
          <contains>
            <system value="http://snomed.info/sct"/>
            <code value="119364003"/>
            <display value="Serum specimen"/>
          </contains>
          <contains>
            <system value="http://snomed.info/sct"/>
            <code value="122592007"/>
            <display value="Acellular blood (serum or plasma) specimen"/>
          </contains>
        </expansion>
      </ValueSet>
    </resource>
  </entry>
  <entry>
    <fullUrl value="http://worldhealthorganization.github.io/ddcc/ValueSet/who-ddcc-type-of-test-covid-19"/>
    <resource>
      <ValueSet>
        <id value="who-ddcc-type-of-test-covid-19"/>
        <text>
          <status value="generated"/>
          <div xmlns="http://www.w3.org/1999/xhtml">
            <p>This value set contains 0 concepts</p>
            <table class="codes">
              <tr>
                <td style="white-space:nowrap">
                  <b>Code</b>
                </td>
                <td>
                  <b>System</b>
                </td>
                <td>
                  <b>Display</b>
                </td>
              </tr>
            </table>
          </div>
        </text>
        <url value="http://worldhealthorganization.github.io/ddcc/ValueSet/who-ddcc-type-of-test-covid-19"/>
        <version value="0.3.1"/>
        <name value="WHO_DDCC_Type_of_Test_COVID_19"/>
        <title value="WHO Type of Covid-19 Test"/>
        <status value="draft"/>
        <date value="2022-03-22T21:10:15+00:00"/>
        <publisher value="WHO"/>
        <contact>
          <name value="WHO"/>
          <telecom>
            <system value="url"/>
            <value value="http://who.int"/>
          </telecom>
        </contact>
        <description value="WHO Type of COVID-19 Test"/>
        <jurisdiction>
          <coding>
            <system value="http://unstats.un.org/unsd/methods/m49/m49.htm"/>
            <code value="001"/>
          </coding>
        </jurisdiction>
        <expansion>
          <identifier value="urn:uuid:8488b93d-d6bc-4ff3-b18f-d4ef2983c32c"/>
          <timestamp value="2022-03-22T21:11:52+00:00"/>
          <parameter>
            <name value="excludeNested"/>
            <valueBoolean value="false"/>
          </parameter>
          <parameter>
            <name value="limitedExpansion"/>
            <valueBoolean value="true"/>
          </parameter>
        </expansion>
      </ValueSet>
    </resource>
  </entry>
</Bundle>