<?xml version="1.0" encoding="UTF-8"?><CodeSystem xmlns="http://hl7.org/fhir"><id value="DIVOC-CodeSystem"/><text><status value="generated"/><div xmlns="http://www.w3.org/1999/xhtml"><p>This case-sensitive code system <code>http://worldhealthorganization.github.io/ddcc/DIVOC</code> defines the following codes:</p><table class="codes"><tr><td style="white-space:nowrap"><b>Code</b></td><td><b>Display</b></td></tr><tr><td style="white-space:nowrap">DIVOC001<a name="DIVOC-CodeSystem-DIVOC001"> </a></td><td>Zycov-D</td></tr><tr><td style="white-space:nowrap">DIVOC002<a name="DIVOC-CodeSystem-DIVOC002"> </a></td><td>Covaxin</td></tr><tr><td style="white-space:nowrap">DIVOC003<a name="DIVOC-CodeSystem-DIVOC003"> </a></td><td>Covishield</td></tr><tr><td style="white-space:nowrap">DIVOC004<a name="DIVOC-CodeSystem-DIVOC004"> </a></td><td>Sputnik V</td></tr><tr><td style="white-space:nowrap">DIVOC005<a name="DIVOC-CodeSystem-DIVOC005"> </a></td><td>Pfizer-BioNTech or Comirnaty</td></tr><tr><td style="white-space:nowrap">DIVOC006<a name="DIVOC-CodeSystem-DIVOC006"> </a></td><td>Janssen</td></tr><tr><td style="white-space:nowrap">DIVOC007<a name="DIVOC-CodeSystem-DIVOC007"> </a></td><td>Moderna or Modema or Spikevax</td></tr><tr><td style="white-space:nowrap">DIVOC008<a name="DIVOC-CodeSystem-DIVOC008"> </a></td><td>AstraZeneca or Vaxzevria</td></tr><tr><td style="white-space:nowrap">DIVOC009<a name="DIVOC-CodeSystem-DIVOC009"> </a></td><td>Sinovac or Coronavac</td></tr><tr><td style="white-space:nowrap">DIVOC010<a name="DIVOC-CodeSystem-DIVOC010"> </a></td><td>BBIBP- CorV or Sinopharm</td></tr><tr><td style="white-space:nowrap">DIVOC011<a name="DIVOC-CodeSystem-DIVOC011"> </a></td><td>Convidecia</td></tr><tr><td style="white-space:nowrap">DIVOC012<a name="DIVOC-CodeSystem-DIVOC012"> </a></td><td>Corbevax</td></tr><tr><td style="white-space:nowrap">DIVOC013<a name="DIVOC-CodeSystem-DIVOC013"> </a></td><td>Novavax/Covovax NVX - CoV2373</td></tr></table></div></text><url value="http://worldhealthorganization.github.io/ddcc/DIVOC"/><version value="1.0.0"/><name value="DIVOC_CodeSystem"/><title value="COVID-19 Vaccine Codes for DIVOC"/><status value="draft"/><experimental value="false"/><date value="2023-10-22T07:22:38+00:00"/><publisher value="WHO"/><contact><name value="WHO"/><telecom><system value="url"/><value value="http://who.int"/></telecom></contact><description value="COVID-19 Vaccine codes for DIVOC so the FHIR server can perform expansions."/><jurisdiction><coding><system value="http://unstats.un.org/unsd/methods/m49/m49.htm"/><code value="001"/></coding></jurisdiction><caseSensitive value="true"/><content value="complete"/><count value="13"/><concept><code value="DIVOC001"/><display value="Zycov-D"/></concept><concept><code value="DIVOC002"/><display value="Covaxin"/></concept><concept><code value="DIVOC003"/><display value="Covishield"/></concept><concept><code value="DIVOC004"/><display value="Sputnik V"/></concept><concept><code value="DIVOC005"/><display value="Pfizer-BioNTech or Comirnaty"/></concept><concept><code value="DIVOC006"/><display value="Janssen"/></concept><concept><code value="DIVOC007"/><display value="Moderna or Modema or Spikevax"/></concept><concept><code value="DIVOC008"/><display value="AstraZeneca or Vaxzevria"/></concept><concept><code value="DIVOC009"/><display value="Sinovac or Coronavac"/></concept><concept><code value="DIVOC010"/><display value="BBIBP- CorV or Sinopharm"/></concept><concept><code value="DIVOC011"/><display value="Convidecia"/></concept><concept><code value="DIVOC012"/><display value="Corbevax"/></concept><concept><code value="DIVOC013"/><display value="Novavax/Covovax NVX - CoV2373"/></concept></CodeSystem>