<?xml version="1.0" encoding="UTF-8"?>

<OperationDefinition xmlns="http://hl7.org/fhir">
  <id value="DDCC-QuestionnaireResponse-generateHealthCertificate"/>
  <text>
    <status value="extensions"/><div xmlns="http://www.w3.org/1999/xhtml"><p>URL: [base]/QuestionnaireResponse/$generateHealthCertificate</p><p>URL: [base]/Bundle/$generateHealthCertificate</p><p>Parameters</p><table class="grid"><tr><td><b>Use</b></td><td><b>Name</b></td><td><b>Scope</b></td><td><b>Cardinality</b></td><td><b>Type</b></td><td><b>Binding</b></td><td><b>Documentation</b></td></tr><tr><td>IN</td><td>response</td><td/><td>1..1</td><td><a href="http://hl7.org/fhir/R4/resource.html">Resource</a></td><td/><td><div><p>The questionnaire response or bundle resource used to generate the DDCC Document.</p>
</div></td></tr><tr><td>OUT</td><td>return</td><td/><td>0..1</td><td><a href="http://hl7.org/fhir/R4/bundle.html">Bundle</a></td><td/><td><div><p>The DDCC, including any QR codes, that was created under the <a href="transactions.html#submit-health-event-expected-actions">Generate Health Certificate</a> expected actions</p>
</div></td></tr></table></div>
  </text>
  <url value="http://worldhealthorganization.github.io/ddcc/OperationDefinition/DDCC-QuestionnaireResponse-generateHealthCertificate"/>
  <version value="1.0.0"/>
  <name value="QuestionnaireResponse_Generate_Health_Certificate"/>
  <title value="OperationDefinition for generating a health certificate (DDCC) that is signed."/>
  <status value="draft"/>
  <kind value="operation"/>
  <experimental value="true"/>
  <date value="2021-06-03"/>
  <publisher value="WHO"/>
  <contact>
    <name value="WHO"/>
    <telecom>
      <system value="url"/>
      <value value="http://who.int"/>
    </telecom>
  </contact>
  <description value="Generate one or more signed DDCC Documents based on a [DDCC QuestionnaireResponse](StructureDefinition-DDCCQuestionnaireResponse.html)"/>
  <jurisdiction>
    <coding>
      <system value="http://unstats.un.org/unsd/methods/m49/m49.htm"/>
      <code value="001"/>
    </coding>
  </jurisdiction>
  <code value="generateHealthCertificate"/>
  <resource value="QuestionnaireResponse"/>
  <resource value="Bundle"/>
  <system value="false"/>
  <type value="true"/>
  <instance value="false"/>
  <parameter>
    <name value="response"/>
    <use value="in"/>
    <min value="1"/>
    <max value="1"/>
    <documentation value="The questionnaire response or bundle resource used to generate the DDCC Document."/>
    <type value="Resource"/>
  </parameter>
  <parameter>
    <name value="return"/>
    <use value="out"/>
    <min value="0"/>
    <max value="1"/>
    <documentation value="The DDCC, including any QR codes, that was created under the [Generate Health Certificate](transactions.html#submit-health-event-expected-actions) expected actions"/>
    <type value="Bundle"/>
  </parameter>
</OperationDefinition>