{"resourceType":"ConceptMap","id":"who-ddcc-map-icd11-icao-vaccines","text":{"status":"extensions","div":"<div xmlns=\"http://www.w3.org/1999/xhtml\"><p>Mapping from (not specified) to (not specified)</p><p>DRAFT (not intended for production usage). Published on 2022-11-23 by WHO (WHO: <a href=\"http://who.int\">http://who.int</a>). </p><div><p>Rule-based mappings between ICD-11 and ICAO for COVID-19 Vaccines</p>\n</div><br/><p><b>Group 1</b>Mapping from <a href=\"CodeSystem-DDCC-ICD11-CodeSystem.html\">DDCC Codes for ICD11</a> to <a href=\"CodeSystem-ICAOVaccineListV1.html\">DDCC Codes for ICAO Vaccines</a></p><table class=\"grid\"><tr><td colspan=\"2\"><b>Source Concept Details</b></td><td><b>Relationship</b></td><td colspan=\"2\"><b>Target Concept Details</b></td><td><b>Comment</b></td><td colspan=\"2\"><b>Properties</b></td></tr><tr><td colspan=\"2\"><b>Codes</b> from <a href=\"CodeSystem-DDCC-ICD11-CodeSystem.html\" title=\"http://id.who.int/icd11/mms\">DDCC Codes for ICD11</a></td><td/><td colspan=\"2\"><b>Codes</b> from <a href=\"CodeSystem-ICAOVaccineListV1.html\" title=\"http://worldhealthorganization.github.io/ddcc/ICAOV1\">DDCC Codes for ICAO Vaccines</a></td><td/></tr><tr><td style=\"border-right-width: 0px; border-bottom-style: none\">XM68M6</td><td style=\"border-left-width: 0px; border-bottom-style: none\">COVID-19 vaccines</td><td><a href=\"http://hl7.org/fhir/R4/codesystem-concept-map-equivalence.html#source-is-broader-than-target\" title=\"source-is-broader-than-target\">is broader than</a></td><td style=\"border-right-width: 0px\">ICAO001</td><td style=\"border-left-width: 0px\">Comirnaty</td><td>ICAO codes are brands and ICD11 is the generic type.</td></tr><tr><td style=\"border-right-width: 0px; border-top-style: none; border-bottom-style: none\"/><td style=\"border-left-width: 0px; border-top-style: none; border-bottom-style: none\"/><td><a href=\"http://hl7.org/fhir/R4/codesystem-concept-map-equivalence.html#source-is-broader-than-target\" title=\"source-is-broader-than-target\">is broader than</a></td><td style=\"border-right-width: 0px\">ICAO002</td><td style=\"border-left-width: 0px\">Tozinameran</td><td>ICAO codes are brands and ICD11 is the generic type.</td></tr><tr><td style=\"border-right-width: 0px; border-top-style: none; border-bottom-style: none\"/><td style=\"border-left-width: 0px; border-top-style: none; border-bottom-style: none\"/><td><a href=\"http://hl7.org/fhir/R4/codesystem-concept-map-equivalence.html#source-is-broader-than-target\" title=\"source-is-broader-than-target\">is broader than</a></td><td style=\"border-right-width: 0px\">ICAO003</td><td style=\"border-left-width: 0px\">Pfizer-BioNTech COVID-19 vaccine BNT162b2</td><td>ICAO codes are brands and ICD11 is the generic type.</td></tr><tr><td style=\"border-right-width: 0px; border-top-style: none; border-bottom-style: none\"/><td style=\"border-left-width: 0px; border-top-style: none; border-bottom-style: none\"/><td><a href=\"http://hl7.org/fhir/R4/codesystem-concept-map-equivalence.html#source-is-broader-than-target\" title=\"source-is-broader-than-target\">is broader than</a></td><td style=\"border-right-width: 0px\">ICAO004</td><td style=\"border-left-width: 0px\">3 LNP-mRNAS</td><td>ICAO codes are brands and ICD11 is the generic type.</td></tr><tr><td style=\"border-right-width: 0px; border-top-style: none; border-bottom-style: none\"/><td style=\"border-left-width: 0px; border-top-style: none; border-bottom-style: none\"/><td><a href=\"http://hl7.org/fhir/R4/codesystem-concept-map-equivalence.html#source-is-broader-than-target\" title=\"source-is-broader-than-target\">is broader than</a></td><td style=\"border-right-width: 0px\">ICAO005</td><td style=\"border-left-width: 0px\">Tozinameran (INN)</td><td>ICAO codes are brands and ICD11 is the generic type.</td></tr><tr><td style=\"border-right-width: 0px; border-top-style: none; border-bottom-style: none\"/><td style=\"border-left-width: 0px; border-top-style: none; border-bottom-style: none\"/><td><a href=\"http://hl7.org/fhir/R4/codesystem-concept-map-equivalence.html#source-is-broader-than-target\" title=\"source-is-broader-than-target\">is broader than</a></td><td style=\"border-right-width: 0px\">ICAO006</td><td style=\"border-left-width: 0px\">BNT162b2/COMIRNATY</td><td>ICAO codes are brands and ICD11 is the generic type.</td></tr><tr><td style=\"border-right-width: 0px; border-top-style: none; border-bottom-style: none\"/><td style=\"border-left-width: 0px; border-top-style: none; border-bottom-style: none\"/><td><a href=\"http://hl7.org/fhir/R4/codesystem-concept-map-equivalence.html#source-is-broader-than-target\" title=\"source-is-broader-than-target\">is broader than</a></td><td style=\"border-right-width: 0px\">ICAO007</td><td style=\"border-left-width: 0px\">Pfizer BioNTech-Comirnaty</td><td>ICAO codes are brands and ICD11 is the generic type.</td></tr><tr><td style=\"border-right-width: 0px; border-top-style: none\"/><td style=\"border-top-style: none; border-left-width: 0px\"/><td><a href=\"http://hl7.org/fhir/R4/codesystem-concept-map-equivalence.html#source-is-broader-than-target\" title=\"source-is-broader-than-target\">is broader than</a></td><td style=\"border-right-width: 0px\">ICAO008</td><td style=\"border-left-width: 0px\">BNT162</td><td>ICAO codes are brands and ICD11 is the generic type.</td></tr><tr><td style=\"border-right-width: 0px; border-bottom-style: none\">XM3DT5</td><td style=\"border-left-width: 0px; border-bottom-style: none\">COVID-19 Vaccine Moderna</td><td><a href=\"http://hl7.org/fhir/R4/codesystem-concept-map-equivalence.html#source-is-broader-than-target\" title=\"source-is-broader-than-target\">is broader than</a></td><td style=\"border-right-width: 0px\">ICAO009</td><td style=\"border-left-width: 0px\">COVID-19 Vaccine Moderna</td><td>ICAO codes are brands and ICD11 is the generic type.</td></tr><tr><td style=\"border-right-width: 0px; border-top-style: none; border-bottom-style: none\"/><td style=\"border-left-width: 0px; border-top-style: none; border-bottom-style: none\"/><td><a href=\"http://hl7.org/fhir/R4/codesystem-concept-map-equivalence.html#source-is-broader-than-target\" title=\"source-is-broader-than-target\">is broader than</a></td><td style=\"border-right-width: 0px\">ICAO010</td><td style=\"border-left-width: 0px\">COVID-19 mRNA Vaccine Moderna mRNA-1273</td><td>ICAO codes are brands and ICD11 is the generic type.</td></tr><tr><td style=\"border-right-width: 0px; border-top-style: none; border-bottom-style: none\"/><td style=\"border-left-width: 0px; border-top-style: none; border-bottom-style: none\"/><td><a href=\"http://hl7.org/fhir/R4/codesystem-concept-map-equivalence.html#source-is-broader-than-target\" title=\"source-is-broader-than-target\">is broader than</a></td><td style=\"border-right-width: 0px\">ICAO011</td><td style=\"border-left-width: 0px\">Spikevax</td><td>ICAO codes are brands and ICD11 is the generic type.</td></tr><tr><td style=\"border-right-width: 0px; border-top-style: none\"/><td style=\"border-top-style: none; border-left-width: 0px\"/><td><a href=\"http://hl7.org/fhir/R4/codesystem-concept-map-equivalence.html#source-is-broader-than-target\" title=\"source-is-broader-than-target\">is broader than</a></td><td style=\"border-right-width: 0px\">ICAO012</td><td style=\"border-left-width: 0px\">Moderna-Spikevax</td><td>ICAO codes are brands and ICD11 is the generic type.</td></tr><tr><td style=\"border-right-width: 0px; border-bottom-style: none\">XM52P3</td><td style=\"border-left-width: 0px; border-bottom-style: none\">ZyCov-D</td><td><a href=\"http://hl7.org/fhir/R4/codesystem-concept-map-equivalence.html#source-is-broader-than-target\" title=\"source-is-broader-than-target\">is broader than</a></td><td style=\"border-right-width: 0px\">ICAO013</td><td style=\"border-left-width: 0px\">ZyCov-D</td><td>ICAO codes are brands and ICD11 is the generic type.</td></tr><tr><td style=\"border-right-width: 0px; border-top-style: none\"/><td style=\"border-top-style: none; border-left-width: 0px\"/><td><a href=\"http://hl7.org/fhir/R4/codesystem-concept-map-equivalence.html#source-is-broader-than-target\" title=\"source-is-broader-than-target\">is broader than</a></td><td style=\"border-right-width: 0px\">ICAO014</td><td style=\"border-left-width: 0px\">Zydus-ZyCov-D</td><td>ICAO codes are brands and ICD11 is the generic type.</td></tr><tr><td style=\"border-right-width: 0px; border-bottom-style: none\">XM3CT4</td><td style=\"border-left-width: 0px; border-bottom-style: none\">Recombinant SARS-CoV-2 vaccine</td><td><a href=\"http://hl7.org/fhir/R4/codesystem-concept-map-equivalence.html#source-is-broader-than-target\" title=\"source-is-broader-than-target\">is broader than</a></td><td style=\"border-right-width: 0px\">ICAO015</td><td style=\"border-left-width: 0px\">Recombinant SARS-CoV-2 vaccine</td><td>ICAO codes are brands and ICD11 is the generic type.</td></tr><tr><td style=\"border-right-width: 0px; border-top-style: none; border-bottom-style: none\"/><td style=\"border-left-width: 0px; border-top-style: none; border-bottom-style: none\"/><td><a href=\"http://hl7.org/fhir/R4/codesystem-concept-map-equivalence.html#source-is-broader-than-target\" title=\"source-is-broader-than-target\">is broader than</a></td><td style=\"border-right-width: 0px\">ICAO016</td><td style=\"border-left-width: 0px\">Anhui ZL - Recombinant</td><td>ICAO codes are brands and ICD11 is the generic type.</td></tr><tr><td style=\"border-right-width: 0px; border-top-style: none; border-bottom-style: none\"/><td style=\"border-left-width: 0px; border-top-style: none; border-bottom-style: none\"/><td><a href=\"http://hl7.org/fhir/R4/codesystem-concept-map-equivalence.html#source-is-broader-than-target\" title=\"source-is-broader-than-target\">is broader than</a></td><td style=\"border-right-width: 0px\">ICAO017</td><td style=\"border-left-width: 0px\">Adjuvanted recombinant protein (RBD-DIMER)</td><td>ICAO codes are brands and ICD11 is the generic type.</td></tr><tr><td style=\"border-right-width: 0px; border-top-style: none; border-bottom-style: none\"/><td style=\"border-left-width: 0px; border-top-style: none; border-bottom-style: none\"/><td><a href=\"http://hl7.org/fhir/R4/codesystem-concept-map-equivalence.html#source-is-broader-than-target\" title=\"source-is-broader-than-target\">is broader than</a></td><td style=\"border-right-width: 0px\">ICAO018</td><td style=\"border-left-width: 0px\">ZF2001</td><td>ICAO codes are brands and ICD11 is the generic type.</td></tr><tr><td style=\"border-right-width: 0px; border-top-style: none\"/><td style=\"border-top-style: none; border-left-width: 0px\"/><td><a href=\"http://hl7.org/fhir/R4/codesystem-concept-map-equivalence.html#source-is-broader-than-target\" title=\"source-is-broader-than-target\">is broader than</a></td><td style=\"border-right-width: 0px\">ICAO019</td><td style=\"border-left-width: 0px\">ZF-UZ-VAC 2001</td><td>ICAO codes are brands and ICD11 is the generic type.</td></tr><tr><td style=\"border-right-width: 0px; border-bottom-style: none\">XM3PG0</td><td style=\"border-left-width: 0px; border-bottom-style: none\">Soberana-02</td><td><a href=\"http://hl7.org/fhir/R4/codesystem-concept-map-equivalence.html#source-is-broader-than-target\" title=\"source-is-broader-than-target\">is broader than</a></td><td style=\"border-right-width: 0px\">ICAO020</td><td style=\"border-left-width: 0px\">Soberana-02</td><td>ICAO codes are brands and ICD11 is the generic type.</td></tr><tr><td style=\"border-right-width: 0px; border-top-style: none; border-bottom-style: none\"/><td style=\"border-left-width: 0px; border-top-style: none; border-bottom-style: none\"/><td><a href=\"http://hl7.org/fhir/R4/codesystem-concept-map-equivalence.html#source-is-broader-than-target\" title=\"source-is-broader-than-target\">is broader than</a></td><td style=\"border-right-width: 0px\">ICAO021</td><td style=\"border-left-width: 0px\">Finlay - Soberana-02</td><td>ICAO codes are brands and ICD11 is the generic type.</td></tr><tr><td style=\"border-right-width: 0px; border-top-style: none; border-bottom-style: none\"/><td style=\"border-left-width: 0px; border-top-style: none; border-bottom-style: none\"/><td><a href=\"http://hl7.org/fhir/R4/codesystem-concept-map-equivalence.html#source-is-broader-than-target\" title=\"source-is-broader-than-target\">is broader than</a></td><td style=\"border-right-width: 0px\">ICAO022</td><td style=\"border-left-width: 0px\">RRBD produced in CHO-cell chemically conjugated to tetanus toxoid</td><td>ICAO codes are brands and ICD11 is the generic type.</td></tr><tr><td style=\"border-right-width: 0px; border-top-style: none; border-bottom-style: none\"/><td style=\"border-left-width: 0px; border-top-style: none; border-bottom-style: none\"/><td><a href=\"http://hl7.org/fhir/R4/codesystem-concept-map-equivalence.html#source-is-broader-than-target\" title=\"source-is-broader-than-target\">is broader than</a></td><td style=\"border-right-width: 0px\">ICAO023</td><td style=\"border-left-width: 0px\">FINLAY-FR2</td><td>ICAO codes are brands and ICD11 is the generic type.</td></tr><tr><td style=\"border-right-width: 0px; border-top-style: none\"/><td style=\"border-top-style: none; border-left-width: 0px\"/><td><a href=\"http://hl7.org/fhir/R4/codesystem-concept-map-equivalence.html#source-is-broader-than-target\" title=\"source-is-broader-than-target\">is broader than</a></td><td style=\"border-right-width: 0px\">ICAO024</td><td style=\"border-left-width: 0px\">PASTUCOVAC</td><td>ICAO codes are brands and ICD11 is the generic type.</td></tr><tr><td style=\"border-right-width: 0px; border-bottom-style: none\">XM4EC8</td><td style=\"border-left-width: 0px; border-bottom-style: none\">MVC-COV1901</td><td><a href=\"http://hl7.org/fhir/R4/codesystem-concept-map-equivalence.html#source-is-broader-than-target\" title=\"source-is-broader-than-target\">is broader than</a></td><td style=\"border-right-width: 0px\">ICAO025</td><td style=\"border-left-width: 0px\">MVC-COV1901</td><td>ICAO codes are brands and ICD11 is the generic type.</td></tr><tr><td style=\"border-right-width: 0px; border-top-style: none; border-bottom-style: none\"/><td style=\"border-left-width: 0px; border-top-style: none; border-bottom-style: none\"/><td><a href=\"http://hl7.org/fhir/R4/codesystem-concept-map-equivalence.html#source-is-broader-than-target\" title=\"source-is-broader-than-target\">is broader than</a></td><td style=\"border-right-width: 0px\">ICAO026</td><td style=\"border-left-width: 0px\">Medigen-MVC-COV1901</td><td>ICAO codes are brands and ICD11 is the generic type.</td></tr><tr><td style=\"border-right-width: 0px; border-top-style: none\"/><td style=\"border-top-style: none; border-left-width: 0px\"/><td><a href=\"http://hl7.org/fhir/R4/codesystem-concept-map-equivalence.html#source-is-broader-than-target\" title=\"source-is-broader-than-target\">is broader than</a></td><td style=\"border-right-width: 0px\">ICAO027</td><td style=\"border-left-width: 0px\">MVC COVID-19 vaccine</td><td>ICAO codes are brands and ICD11 is the generic type.</td></tr><tr><td style=\"border-right-width: 0px; border-bottom-style: none\">XM6SZ8</td><td style=\"border-left-width: 0px; border-bottom-style: none\">EpiVacCorona</td><td><a href=\"http://hl7.org/fhir/R4/codesystem-concept-map-equivalence.html#source-is-broader-than-target\" title=\"source-is-broader-than-target\">is broader than</a></td><td style=\"border-right-width: 0px\">ICAO028</td><td style=\"border-left-width: 0px\">EpiVacCorona</td><td>ICAO codes are brands and ICD11 is the generic type.</td></tr><tr><td style=\"border-right-width: 0px; border-top-style: none\"/><td style=\"border-top-style: none; border-left-width: 0px\"/><td><a href=\"http://hl7.org/fhir/R4/codesystem-concept-map-equivalence.html#source-is-broader-than-target\" title=\"source-is-broader-than-target\">is broader than</a></td><td style=\"border-right-width: 0px\">ICAO029</td><td style=\"border-left-width: 0px\">SRCVB-EpiVacCorona</td><td>ICAO codes are brands and ICD11 is the generic type.</td></tr><tr><td style=\"border-right-width: 0px; border-bottom-style: none\">XM0RV9</td><td style=\"border-left-width: 0px; border-bottom-style: none\">Soberana Plus</td><td><a href=\"http://hl7.org/fhir/R4/codesystem-concept-map-equivalence.html#source-is-broader-than-target\" title=\"source-is-broader-than-target\">is broader than</a></td><td style=\"border-right-width: 0px\">ICAO030</td><td style=\"border-left-width: 0px\">Soberana Plus</td><td>ICAO codes are brands and ICD11 is the generic type.</td></tr><tr><td style=\"border-right-width: 0px; border-top-style: none\"/><td style=\"border-top-style: none; border-left-width: 0px\"/><td><a href=\"http://hl7.org/fhir/R4/codesystem-concept-map-equivalence.html#source-is-broader-than-target\" title=\"source-is-broader-than-target\">is broader than</a></td><td style=\"border-right-width: 0px\">ICAO031</td><td style=\"border-left-width: 0px\">Finlay-Soberana Plus</td><td>ICAO codes are brands and ICD11 is the generic type.</td></tr><tr><td style=\"border-right-width: 0px; border-bottom-style: none\">XM3SK8</td><td style=\"border-left-width: 0px; border-bottom-style: none\">EpiVacCorona-N</td><td><a href=\"http://hl7.org/fhir/R4/codesystem-concept-map-equivalence.html#source-is-broader-than-target\" title=\"source-is-broader-than-target\">is broader than</a></td><td style=\"border-right-width: 0px\">ICAO032</td><td style=\"border-left-width: 0px\">EpiVacCorona-N</td><td>ICAO codes are brands and ICD11 is the generic type.</td></tr><tr><td style=\"border-right-width: 0px; border-top-style: none\"/><td style=\"border-top-style: none; border-left-width: 0px\"/><td><a href=\"http://hl7.org/fhir/R4/codesystem-concept-map-equivalence.html#source-is-broader-than-target\" title=\"source-is-broader-than-target\">is broader than</a></td><td style=\"border-right-width: 0px\">ICAO033</td><td style=\"border-left-width: 0px\">SRCVB-EpiVacCorona-N</td><td>ICAO codes are brands and ICD11 is the generic type.</td></tr><tr><td style=\"border-right-width: 0px; border-bottom-style: none\">XM9P21</td><td style=\"border-left-width: 0px; border-bottom-style: none\">SpikoGen</td><td><a href=\"http://hl7.org/fhir/R4/codesystem-concept-map-equivalence.html#source-is-broader-than-target\" title=\"source-is-broader-than-target\">is broader than</a></td><td style=\"border-right-width: 0px\">ICAO034</td><td style=\"border-left-width: 0px\">SpikoGen</td><td>ICAO codes are brands and ICD11 is the generic type.</td></tr><tr><td style=\"border-right-width: 0px; border-top-style: none; border-bottom-style: none\"/><td style=\"border-left-width: 0px; border-top-style: none; border-bottom-style: none\"/><td><a href=\"http://hl7.org/fhir/R4/codesystem-concept-map-equivalence.html#source-is-broader-than-target\" title=\"source-is-broader-than-target\">is broader than</a></td><td style=\"border-right-width: 0px\">ICAO035</td><td style=\"border-left-width: 0px\">Vaxine-SpikoGen</td><td>ICAO codes are brands and ICD11 is the generic type.</td></tr><tr><td style=\"border-right-width: 0px; border-top-style: none\"/><td style=\"border-top-style: none; border-left-width: 0px\"/><td><a href=\"http://hl7.org/fhir/R4/codesystem-concept-map-equivalence.html#source-is-broader-than-target\" title=\"source-is-broader-than-target\">is broader than</a></td><td style=\"border-right-width: 0px\">ICAO036</td><td style=\"border-left-width: 0px\">COVAX-19</td><td>ICAO codes are brands and ICD11 is the generic type.</td></tr><tr><td style=\"border-right-width: 0px; border-bottom-style: none\">XM9T65</td><td style=\"border-left-width: 0px; border-bottom-style: none\">Novavax COVID-19 vaccine</td><td><a href=\"http://hl7.org/fhir/R4/codesystem-concept-map-equivalence.html#source-is-broader-than-target\" title=\"source-is-broader-than-target\">is broader than</a></td><td style=\"border-right-width: 0px\">ICAO037</td><td style=\"border-left-width: 0px\">Novavax COVID-19 vaccine</td><td>ICAO codes are brands and ICD11 is the generic type.</td></tr><tr><td style=\"border-right-width: 0px; border-top-style: none; border-bottom-style: none\"/><td style=\"border-left-width: 0px; border-top-style: none; border-bottom-style: none\"/><td><a href=\"http://hl7.org/fhir/R4/codesystem-concept-map-equivalence.html#source-is-broader-than-target\" title=\"source-is-broader-than-target\">is broader than</a></td><td style=\"border-right-width: 0px\">ICAO038</td><td style=\"border-left-width: 0px\">Novavax-Covovax</td><td>ICAO codes are brands and ICD11 is the generic type.</td></tr><tr><td style=\"border-right-width: 0px; border-top-style: none; border-bottom-style: none\"/><td style=\"border-left-width: 0px; border-top-style: none; border-bottom-style: none\"/><td><a href=\"http://hl7.org/fhir/R4/codesystem-concept-map-equivalence.html#source-is-broader-than-target\" title=\"source-is-broader-than-target\">is broader than</a></td><td style=\"border-right-width: 0px\">ICAO039</td><td style=\"border-left-width: 0px\">Nuvaxovid</td><td>ICAO codes are brands and ICD11 is the generic type.</td></tr><tr><td style=\"border-right-width: 0px; border-top-style: none; border-bottom-style: none\"/><td style=\"border-left-width: 0px; border-top-style: none; border-bottom-style: none\"/><td><a href=\"http://hl7.org/fhir/R4/codesystem-concept-map-equivalence.html#source-is-broader-than-target\" title=\"source-is-broader-than-target\">is broader than</a></td><td style=\"border-right-width: 0px\">ICAO040</td><td style=\"border-left-width: 0px\">NVX-CoV2373</td><td>ICAO codes are brands and ICD11 is the generic type.</td></tr><tr><td style=\"border-right-width: 0px; border-top-style: none\"/><td style=\"border-top-style: none; border-left-width: 0px\"/><td><a href=\"http://hl7.org/fhir/R4/codesystem-concept-map-equivalence.html#source-is-broader-than-target\" title=\"source-is-broader-than-target\">is broader than</a></td><td style=\"border-right-width: 0px\">ICAO041</td><td style=\"border-left-width: 0px\">Covovax</td><td>ICAO codes are brands and ICD11 is the generic type.</td></tr><tr><td style=\"border-right-width: 0px\">XM9N08</td><td style=\"border-left-width: 0px\">Razi COV PARS</td><td><a href=\"http://hl7.org/fhir/R4/codesystem-concept-map-equivalence.html#source-is-broader-than-target\" title=\"source-is-broader-than-target\">is broader than</a></td><td style=\"border-right-width: 0px\">ICAO042</td><td style=\"border-left-width: 0px\">Razi COV PARS</td><td>ICAO codes are brands and ICD11 is the generic type.</td></tr><tr><td style=\"border-right-width: 0px; border-bottom-style: none\">XM4YL8</td><td style=\"border-left-width: 0px; border-bottom-style: none\">COVID-19 Vaccine AstraZeneca</td><td><a href=\"http://hl7.org/fhir/R4/codesystem-concept-map-equivalence.html#source-is-broader-than-target\" title=\"source-is-broader-than-target\">is broader than</a></td><td style=\"border-right-width: 0px\">ICAO043</td><td style=\"border-left-width: 0px\">COVID-19 Vaccine AstraZeneca</td><td>ICAO codes are brands and ICD11 is the generic type.</td></tr><tr><td style=\"border-right-width: 0px; border-top-style: none; border-bottom-style: none\"/><td style=\"border-left-width: 0px; border-top-style: none; border-bottom-style: none\"/><td><a href=\"http://hl7.org/fhir/R4/codesystem-concept-map-equivalence.html#source-is-broader-than-target\" title=\"source-is-broader-than-target\">is broader than</a></td><td style=\"border-right-width: 0px\">ICAO044</td><td style=\"border-left-width: 0px\">Vaxzevria</td><td>ICAO codes are brands and ICD11 is the generic type.</td></tr><tr><td style=\"border-right-width: 0px; border-top-style: none; border-bottom-style: none\"/><td style=\"border-left-width: 0px; border-top-style: none; border-bottom-style: none\"/><td><a href=\"http://hl7.org/fhir/R4/codesystem-concept-map-equivalence.html#source-is-broader-than-target\" title=\"source-is-broader-than-target\">is broader than</a></td><td style=\"border-right-width: 0px\">ICAO045</td><td style=\"border-left-width: 0px\">COVID-19 Vaccine AstraZeneca AZD1222</td><td>ICAO codes are brands and ICD11 is the generic type.</td></tr><tr><td style=\"border-right-width: 0px; border-top-style: none; border-bottom-style: none\"/><td style=\"border-left-width: 0px; border-top-style: none; border-bottom-style: none\"/><td><a href=\"http://hl7.org/fhir/R4/codesystem-concept-map-equivalence.html#source-is-broader-than-target\" title=\"source-is-broader-than-target\">is broader than</a></td><td style=\"border-right-width: 0px\">ICAO046</td><td style=\"border-left-width: 0px\">COVID-19 Vaccine AstraZeneca ChAdOx1 nCoV-19</td><td>ICAO codes are brands and ICD11 is the generic type.</td></tr><tr><td style=\"border-right-width: 0px; border-top-style: none; border-bottom-style: none\"/><td style=\"border-left-width: 0px; border-top-style: none; border-bottom-style: none\"/><td><a href=\"http://hl7.org/fhir/R4/codesystem-concept-map-equivalence.html#source-is-broader-than-target\" title=\"source-is-broader-than-target\">is broader than</a></td><td style=\"border-right-width: 0px\">ICAO047</td><td style=\"border-left-width: 0px\">COVID-19 Vaccine AstraZeneca ChAdOx1-S</td><td>ICAO codes are brands and ICD11 is the generic type.</td></tr><tr><td style=\"border-right-width: 0px; border-top-style: none; border-bottom-style: none\"/><td style=\"border-left-width: 0px; border-top-style: none; border-bottom-style: none\"/><td><a href=\"http://hl7.org/fhir/R4/codesystem-concept-map-equivalence.html#source-is-broader-than-target\" title=\"source-is-broader-than-target\">is broader than</a></td><td style=\"border-right-width: 0px\">ICAO048</td><td style=\"border-left-width: 0px\">AstraZeneca-Vaxzevria</td><td>ICAO codes are brands and ICD11 is the generic type.</td></tr><tr><td style=\"border-right-width: 0px; border-top-style: none\"/><td style=\"border-top-style: none; border-left-width: 0px\"/><td><a href=\"http://hl7.org/fhir/R4/codesystem-concept-map-equivalence.html#source-is-broader-than-target\" title=\"source-is-broader-than-target\">is broader than</a></td><td style=\"border-right-width: 0px\">ICAO049</td><td style=\"border-left-width: 0px\">R-Covi</td><td>ICAO codes are brands and ICD11 is the generic type.</td></tr><tr><td style=\"border-right-width: 0px; border-bottom-style: none\">XM97T2</td><td style=\"border-left-width: 0px; border-bottom-style: none\">Covishield®</td><td><a href=\"http://hl7.org/fhir/R4/codesystem-concept-map-equivalence.html#source-is-broader-than-target\" title=\"source-is-broader-than-target\">is broader than</a></td><td style=\"border-right-width: 0px\">ICAO050</td><td style=\"border-left-width: 0px\">Covishield</td><td>ICAO codes are brands and ICD11 is the generic type.</td></tr><tr><td style=\"border-right-width: 0px; border-top-style: none; border-bottom-style: none\"/><td style=\"border-left-width: 0px; border-top-style: none; border-bottom-style: none\"/><td><a href=\"http://hl7.org/fhir/R4/codesystem-concept-map-equivalence.html#source-is-broader-than-target\" title=\"source-is-broader-than-target\">is broader than</a></td><td style=\"border-right-width: 0px\">ICAO051</td><td style=\"border-left-width: 0px\">Covishield AZD1222</td><td>ICAO codes are brands and ICD11 is the generic type.</td></tr><tr><td style=\"border-right-width: 0px; border-top-style: none; border-bottom-style: none\"/><td style=\"border-left-width: 0px; border-top-style: none; border-bottom-style: none\"/><td><a href=\"http://hl7.org/fhir/R4/codesystem-concept-map-equivalence.html#source-is-broader-than-target\" title=\"source-is-broader-than-target\">is broader than</a></td><td style=\"border-right-width: 0px\">ICAO052</td><td style=\"border-left-width: 0px\">Covishield ChAdOx1 nCoV-19</td><td>ICAO codes are brands and ICD11 is the generic type.</td></tr><tr><td style=\"border-right-width: 0px; border-top-style: none; border-bottom-style: none\"/><td style=\"border-left-width: 0px; border-top-style: none; border-bottom-style: none\"/><td><a href=\"http://hl7.org/fhir/R4/codesystem-concept-map-equivalence.html#source-is-broader-than-target\" title=\"source-is-broader-than-target\">is broader than</a></td><td style=\"border-right-width: 0px\">ICAO053</td><td style=\"border-left-width: 0px\">Covishield ChAdOx1-S</td><td>ICAO codes are brands and ICD11 is the generic type.</td></tr><tr><td style=\"border-right-width: 0px; border-top-style: none\"/><td style=\"border-top-style: none; border-left-width: 0px\"/><td><a href=\"http://hl7.org/fhir/R4/codesystem-concept-map-equivalence.html#source-is-broader-than-target\" title=\"source-is-broader-than-target\">is broader than</a></td><td style=\"border-right-width: 0px\">ICAO054</td><td style=\"border-left-width: 0px\">SII-Covishield</td><td>ICAO codes are brands and ICD11 is the generic type.</td></tr><tr><td style=\"border-right-width: 0px; border-bottom-style: none\">XM6QV1</td><td style=\"border-left-width: 0px; border-bottom-style: none\">COVID-19 Vaccine Janssen</td><td><a href=\"http://hl7.org/fhir/R4/codesystem-concept-map-equivalence.html#source-is-broader-than-target\" title=\"source-is-broader-than-target\">is broader than</a></td><td style=\"border-right-width: 0px\">ICAO055</td><td style=\"border-left-width: 0px\">COVID-19 Vaccine Janssen</td><td>ICAO codes are brands and ICD11 is the generic type.</td></tr><tr><td style=\"border-right-width: 0px; border-top-style: none; border-bottom-style: none\"/><td style=\"border-left-width: 0px; border-top-style: none; border-bottom-style: none\"/><td><a href=\"http://hl7.org/fhir/R4/codesystem-concept-map-equivalence.html#source-is-broader-than-target\" title=\"source-is-broader-than-target\">is broader than</a></td><td style=\"border-right-width: 0px\">ICAO056</td><td style=\"border-left-width: 0px\">Ad26.COV 2.S</td><td>ICAO codes are brands and ICD11 is the generic type.</td></tr><tr><td style=\"border-right-width: 0px; border-top-style: none; border-bottom-style: none\"/><td style=\"border-left-width: 0px; border-top-style: none; border-bottom-style: none\"/><td><a href=\"http://hl7.org/fhir/R4/codesystem-concept-map-equivalence.html#source-is-broader-than-target\" title=\"source-is-broader-than-target\">is broader than</a></td><td style=\"border-right-width: 0px\">ICAO057</td><td style=\"border-left-width: 0px\">Johnson &amp; Johnson COVID-19 vaccine</td><td>ICAO codes are brands and ICD11 is the generic type.</td></tr><tr><td style=\"border-right-width: 0px; border-top-style: none\"/><td style=\"border-top-style: none; border-left-width: 0px\"/><td><a href=\"http://hl7.org/fhir/R4/codesystem-concept-map-equivalence.html#source-is-broader-than-target\" title=\"source-is-broader-than-target\">is broader than</a></td><td style=\"border-right-width: 0px\">ICAO058</td><td style=\"border-left-width: 0px\">Janssen - Ad26.COV 2-S</td><td>ICAO codes are brands and ICD11 is the generic type.</td></tr><tr><td style=\"border-right-width: 0px; border-bottom-style: none\">XM1AG7</td><td style=\"border-left-width: 0px; border-bottom-style: none\">Convidecia</td><td><a href=\"http://hl7.org/fhir/R4/codesystem-concept-map-equivalence.html#source-is-broader-than-target\" title=\"source-is-broader-than-target\">is broader than</a></td><td style=\"border-right-width: 0px\">ICAO059</td><td style=\"border-left-width: 0px\">Convidecia</td><td>ICAO codes are brands and ICD11 is the generic type.</td></tr><tr><td style=\"border-right-width: 0px; border-top-style: none; border-bottom-style: none\"/><td style=\"border-left-width: 0px; border-top-style: none; border-bottom-style: none\"/><td><a href=\"http://hl7.org/fhir/R4/codesystem-concept-map-equivalence.html#source-is-broader-than-target\" title=\"source-is-broader-than-target\">is broader than</a></td><td style=\"border-right-width: 0px\">ICAO060</td><td style=\"border-left-width: 0px\">CanSino-Convidecia</td><td>ICAO codes are brands and ICD11 is the generic type.</td></tr><tr><td style=\"border-right-width: 0px; border-top-style: none\"/><td style=\"border-top-style: none; border-left-width: 0px\"/><td><a href=\"http://hl7.org/fhir/R4/codesystem-concept-map-equivalence.html#source-is-broader-than-target\" title=\"source-is-broader-than-target\">is broader than</a></td><td style=\"border-right-width: 0px\">ICAO061</td><td style=\"border-left-width: 0px\">Ad5-nCOV</td><td>ICAO codes are brands and ICD11 is the generic type.</td></tr><tr><td style=\"border-right-width: 0px; border-bottom-style: none\">XM5ZJ4</td><td style=\"border-left-width: 0px; border-bottom-style: none\">Gam-Covid-Vac</td><td><a href=\"http://hl7.org/fhir/R4/codesystem-concept-map-equivalence.html#source-is-broader-than-target\" title=\"source-is-broader-than-target\">is broader than</a></td><td style=\"border-right-width: 0px\">ICAO062</td><td style=\"border-left-width: 0px\">Gam-Covid-Vac</td><td>ICAO codes are brands and ICD11 is the generic type.</td></tr><tr><td style=\"border-right-width: 0px; border-top-style: none; border-bottom-style: none\"/><td style=\"border-left-width: 0px; border-top-style: none; border-bottom-style: none\"/><td><a href=\"http://hl7.org/fhir/R4/codesystem-concept-map-equivalence.html#source-is-broader-than-target\" title=\"source-is-broader-than-target\">is broader than</a></td><td style=\"border-right-width: 0px\">ICAO063</td><td style=\"border-left-width: 0px\">Gamaleya-Gam-Covid-Vac</td><td>ICAO codes are brands and ICD11 is the generic type.</td></tr><tr><td style=\"border-right-width: 0px; border-top-style: none; border-bottom-style: none\"/><td style=\"border-left-width: 0px; border-top-style: none; border-bottom-style: none\"/><td><a href=\"http://hl7.org/fhir/R4/codesystem-concept-map-equivalence.html#source-is-broader-than-target\" title=\"source-is-broader-than-target\">is broader than</a></td><td style=\"border-right-width: 0px\">ICAO064</td><td style=\"border-left-width: 0px\">Sputnik-V</td><td>ICAO codes are brands and ICD11 is the generic type.</td></tr><tr><td style=\"border-right-width: 0px; border-top-style: none\"/><td style=\"border-top-style: none; border-left-width: 0px\"/><td><a href=\"http://hl7.org/fhir/R4/codesystem-concept-map-equivalence.html#source-is-broader-than-target\" title=\"source-is-broader-than-target\">is broader than</a></td><td style=\"border-right-width: 0px\">ICAO065</td><td style=\"border-left-width: 0px\">Gam-KOVID-Vak</td><td>ICAO codes are brands and ICD11 is the generic type.</td></tr><tr><td style=\"border-right-width: 0px; border-bottom-style: none\">XM5QM6</td><td style=\"border-left-width: 0px; border-bottom-style: none\">Sputnik-Light</td><td><a href=\"http://hl7.org/fhir/R4/codesystem-concept-map-equivalence.html#source-is-broader-than-target\" title=\"source-is-broader-than-target\">is broader than</a></td><td style=\"border-right-width: 0px\">ICAO066</td><td style=\"border-left-width: 0px\">Sputnik-Light</td><td>ICAO codes are brands and ICD11 is the generic type.</td></tr><tr><td style=\"border-right-width: 0px; border-top-style: none\"/><td style=\"border-top-style: none; border-left-width: 0px\"/><td><a href=\"http://hl7.org/fhir/R4/codesystem-concept-map-equivalence.html#source-is-broader-than-target\" title=\"source-is-broader-than-target\">is broader than</a></td><td style=\"border-right-width: 0px\">ICAO067</td><td style=\"border-left-width: 0px\">Gamaleya-Sputnik-Light</td><td>ICAO codes are brands and ICD11 is the generic type.</td></tr><tr><td style=\"border-right-width: 0px; border-bottom-style: none\">XM7HT3</td><td style=\"border-left-width: 0px; border-bottom-style: none\">CoronaVac®</td><td><a href=\"http://hl7.org/fhir/R4/codesystem-concept-map-equivalence.html#source-is-broader-than-target\" title=\"source-is-broader-than-target\">is broader than</a></td><td style=\"border-right-width: 0px\">ICAO068</td><td style=\"border-left-width: 0px\">CoronaVac</td><td>ICAO codes are brands and ICD11 is the generic type.</td></tr><tr><td style=\"border-right-width: 0px; border-top-style: none; border-bottom-style: none\"/><td style=\"border-left-width: 0px; border-top-style: none; border-bottom-style: none\"/><td><a href=\"http://hl7.org/fhir/R4/codesystem-concept-map-equivalence.html#source-is-broader-than-target\" title=\"source-is-broader-than-target\">is broader than</a></td><td style=\"border-right-width: 0px\">ICAO069</td><td style=\"border-left-width: 0px\">Sinovac COVID-19 Vaccine</td><td>ICAO codes are brands and ICD11 is the generic type.</td></tr><tr><td style=\"border-right-width: 0px; border-top-style: none\"/><td style=\"border-top-style: none; border-left-width: 0px\"/><td><a href=\"http://hl7.org/fhir/R4/codesystem-concept-map-equivalence.html#source-is-broader-than-target\" title=\"source-is-broader-than-target\">is broader than</a></td><td style=\"border-right-width: 0px\">ICAO070</td><td style=\"border-left-width: 0px\">PICOVACC</td><td>ICAO codes are brands and ICD11 is the generic type.</td></tr><tr><td style=\"border-right-width: 0px; border-bottom-style: none\">XM8866</td><td style=\"border-left-width: 0px; border-bottom-style: none\">BBIBP-CorV</td><td><a href=\"http://hl7.org/fhir/R4/codesystem-concept-map-equivalence.html#source-is-broader-than-target\" title=\"source-is-broader-than-target\">is broader than</a></td><td style=\"border-right-width: 0px\">ICAO071</td><td style=\"border-left-width: 0px\">BBIBP-CorV</td><td>ICAO codes are brands and ICD11 is the generic type.</td></tr><tr><td style=\"border-right-width: 0px; border-top-style: none; border-bottom-style: none\"/><td style=\"border-left-width: 0px; border-top-style: none; border-bottom-style: none\"/><td><a href=\"http://hl7.org/fhir/R4/codesystem-concept-map-equivalence.html#source-is-broader-than-target\" title=\"source-is-broader-than-target\">is broader than</a></td><td style=\"border-right-width: 0px\">ICAO072</td><td style=\"border-left-width: 0px\">Sinopharm BBIBP-CorV</td><td>ICAO codes are brands and ICD11 is the generic type.</td></tr><tr><td style=\"border-right-width: 0px; border-top-style: none; border-bottom-style: none\"/><td style=\"border-left-width: 0px; border-top-style: none; border-bottom-style: none\"/><td><a href=\"http://hl7.org/fhir/R4/codesystem-concept-map-equivalence.html#source-is-broader-than-target\" title=\"source-is-broader-than-target\">is broader than</a></td><td style=\"border-right-width: 0px\">ICAO073</td><td style=\"border-left-width: 0px\">Sinopharm COVID-19 vaccine</td><td>ICAO codes are brands and ICD11 is the generic type.</td></tr><tr><td style=\"border-right-width: 0px; border-top-style: none; border-bottom-style: none\"/><td style=\"border-left-width: 0px; border-top-style: none; border-bottom-style: none\"/><td><a href=\"http://hl7.org/fhir/R4/codesystem-concept-map-equivalence.html#source-is-broader-than-target\" title=\"source-is-broader-than-target\">is broader than</a></td><td style=\"border-right-width: 0px\">ICAO074</td><td style=\"border-left-width: 0px\">Beijing CNBG - BBIBP-CorV</td><td>ICAO codes are brands and ICD11 is the generic type.</td></tr><tr><td style=\"border-right-width: 0px; border-top-style: none\"/><td style=\"border-top-style: none; border-left-width: 0px\"/><td><a href=\"http://hl7.org/fhir/R4/codesystem-concept-map-equivalence.html#source-is-broader-than-target\" title=\"source-is-broader-than-target\">is broader than</a></td><td style=\"border-right-width: 0px\">ICAO075</td><td style=\"border-left-width: 0px\">COVID-19 Vaccine BIBP</td><td>ICAO codes are brands and ICD11 is the generic type.</td></tr><tr><td style=\"border-right-width: 0px; border-bottom-style: none\">XM9TQ1</td><td style=\"border-left-width: 0px; border-bottom-style: none\">KCONVAC</td><td><a href=\"http://hl7.org/fhir/R4/codesystem-concept-map-equivalence.html#source-is-broader-than-target\" title=\"source-is-broader-than-target\">is broader than</a></td><td style=\"border-right-width: 0px\">ICAO076</td><td style=\"border-left-width: 0px\">KCONVAC</td><td>ICAO codes are brands and ICD11 is the generic type.</td></tr><tr><td style=\"border-right-width: 0px; border-top-style: none; border-bottom-style: none\"/><td style=\"border-left-width: 0px; border-top-style: none; border-bottom-style: none\"/><td><a href=\"http://hl7.org/fhir/R4/codesystem-concept-map-equivalence.html#source-is-broader-than-target\" title=\"source-is-broader-than-target\">is broader than</a></td><td style=\"border-right-width: 0px\">ICAO077</td><td style=\"border-left-width: 0px\">Beijing Minhai-KCONVAC</td><td>ICAO codes are brands and ICD11 is the generic type.</td></tr><tr><td style=\"border-right-width: 0px; border-top-style: none\"/><td style=\"border-top-style: none; border-left-width: 0px\"/><td><a href=\"http://hl7.org/fhir/R4/codesystem-concept-map-equivalence.html#source-is-broader-than-target\" title=\"source-is-broader-than-target\">is broader than</a></td><td style=\"border-right-width: 0px\">ICAO078</td><td style=\"border-left-width: 0px\">Inactivated SARS-COV-2 vaccine, Vero cell</td><td>ICAO codes are brands and ICD11 is the generic type.</td></tr><tr><td style=\"border-right-width: 0px; border-bottom-style: none\">XM1G90</td><td style=\"border-left-width: 0px; border-bottom-style: none\">Covaxin</td><td><a href=\"http://hl7.org/fhir/R4/codesystem-concept-map-equivalence.html#source-is-broader-than-target\" title=\"source-is-broader-than-target\">is broader than</a></td><td style=\"border-right-width: 0px\">ICAO079</td><td style=\"border-left-width: 0px\">Covaxin</td><td>ICAO codes are brands and ICD11 is the generic type.</td></tr><tr><td style=\"border-right-width: 0px; border-top-style: none; border-bottom-style: none\"/><td style=\"border-left-width: 0px; border-top-style: none; border-bottom-style: none\"/><td><a href=\"http://hl7.org/fhir/R4/codesystem-concept-map-equivalence.html#source-is-broader-than-target\" title=\"source-is-broader-than-target\">is broader than</a></td><td style=\"border-right-width: 0px\">ICAO080</td><td style=\"border-left-width: 0px\">Bharat-Covaxin</td><td>ICAO codes are brands and ICD11 is the generic type.</td></tr><tr><td style=\"border-right-width: 0px; border-top-style: none\"/><td style=\"border-top-style: none; border-left-width: 0px\"/><td><a href=\"http://hl7.org/fhir/R4/codesystem-concept-map-equivalence.html#source-is-broader-than-target\" title=\"source-is-broader-than-target\">is broader than</a></td><td style=\"border-right-width: 0px\">ICAO081</td><td style=\"border-left-width: 0px\">BBV152</td><td>ICAO codes are brands and ICD11 is the generic type.</td></tr><tr><td style=\"border-right-width: 0px; border-bottom-style: none\">XM85P5</td><td style=\"border-left-width: 0px; border-bottom-style: none\">Covi-Vac</td><td><a href=\"http://hl7.org/fhir/R4/codesystem-concept-map-equivalence.html#source-is-broader-than-target\" title=\"source-is-broader-than-target\">is broader than</a></td><td style=\"border-right-width: 0px\">ICAO082</td><td style=\"border-left-width: 0px\">Covi-Vac</td><td>ICAO codes are brands and ICD11 is the generic type.</td></tr><tr><td style=\"border-right-width: 0px; border-top-style: none; border-bottom-style: none\"/><td style=\"border-left-width: 0px; border-top-style: none; border-bottom-style: none\"/><td><a href=\"http://hl7.org/fhir/R4/codesystem-concept-map-equivalence.html#source-is-broader-than-target\" title=\"source-is-broader-than-target\">is broader than</a></td><td style=\"border-right-width: 0px\">ICAO083</td><td style=\"border-left-width: 0px\">Chumakov-Covi-Vac</td><td>ICAO codes are brands and ICD11 is the generic type.</td></tr><tr><td style=\"border-right-width: 0px; border-top-style: none\"/><td style=\"border-top-style: none; border-left-width: 0px\"/><td><a href=\"http://hl7.org/fhir/R4/codesystem-concept-map-equivalence.html#source-is-broader-than-target\" title=\"source-is-broader-than-target\">is broader than</a></td><td style=\"border-right-width: 0px\">ICAO084</td><td style=\"border-left-width: 0px\">CoviVac</td><td>ICAO codes are brands and ICD11 is the generic type.</td></tr><tr><td style=\"border-right-width: 0px; border-bottom-style: none\">XM9FQ7</td><td style=\"border-left-width: 0px; border-bottom-style: none\">Hayat-Vax</td><td><a href=\"http://hl7.org/fhir/R4/codesystem-concept-map-equivalence.html#source-is-broader-than-target\" title=\"source-is-broader-than-target\">is broader than</a></td><td style=\"border-right-width: 0px\">ICAO085</td><td style=\"border-left-width: 0px\">Hayat-Vax</td><td>ICAO codes are brands and ICD11 is the generic type.</td></tr><tr><td style=\"border-right-width: 0px; border-top-style: none\"/><td style=\"border-top-style: none; border-left-width: 0px\"/><td><a href=\"http://hl7.org/fhir/R4/codesystem-concept-map-equivalence.html#source-is-broader-than-target\" title=\"source-is-broader-than-target\">is broader than</a></td><td style=\"border-right-width: 0px\">ICAO086</td><td style=\"border-left-width: 0px\">Julphar-Hayat-Vax</td><td>ICAO codes are brands and ICD11 is the generic type.</td></tr><tr><td style=\"border-right-width: 0px; border-bottom-style: none\">XM97N6</td><td style=\"border-left-width: 0px; border-bottom-style: none\">QazVac</td><td><a href=\"http://hl7.org/fhir/R4/codesystem-concept-map-equivalence.html#source-is-broader-than-target\" title=\"source-is-broader-than-target\">is broader than</a></td><td style=\"border-right-width: 0px\">ICAO087</td><td style=\"border-left-width: 0px\">QazVac</td><td>ICAO codes are brands and ICD11 is the generic type.</td></tr><tr><td style=\"border-right-width: 0px; border-top-style: none; border-bottom-style: none\"/><td style=\"border-left-width: 0px; border-top-style: none; border-bottom-style: none\"/><td><a href=\"http://hl7.org/fhir/R4/codesystem-concept-map-equivalence.html#source-is-broader-than-target\" title=\"source-is-broader-than-target\">is broader than</a></td><td style=\"border-right-width: 0px\">ICAO088</td><td style=\"border-left-width: 0px\">RIBSP-QazVac</td><td>ICAO codes are brands and ICD11 is the generic type.</td></tr><tr><td style=\"border-right-width: 0px; border-top-style: none\"/><td style=\"border-top-style: none; border-left-width: 0px\"/><td><a href=\"http://hl7.org/fhir/R4/codesystem-concept-map-equivalence.html#source-is-broader-than-target\" title=\"source-is-broader-than-target\">is broader than</a></td><td style=\"border-right-width: 0px\">ICAO089</td><td style=\"border-left-width: 0px\">QazCovid-in</td><td>ICAO codes are brands and ICD11 is the generic type.</td></tr><tr><td style=\"border-right-width: 0px; border-bottom-style: none\">XM2YG8</td><td style=\"border-left-width: 0px; border-bottom-style: none\">COVIran Barakat</td><td><a href=\"http://hl7.org/fhir/R4/codesystem-concept-map-equivalence.html#source-is-broader-than-target\" title=\"source-is-broader-than-target\">is broader than</a></td><td style=\"border-right-width: 0px\">ICAO090</td><td style=\"border-left-width: 0px\">COVIran Barakat</td><td>ICAO codes are brands and ICD11 is the generic type.</td></tr><tr><td style=\"border-right-width: 0px; border-top-style: none\"/><td style=\"border-top-style: none; border-left-width: 0px\"/><td><a href=\"http://hl7.org/fhir/R4/codesystem-concept-map-equivalence.html#source-is-broader-than-target\" title=\"source-is-broader-than-target\">is broader than</a></td><td style=\"border-right-width: 0px\">ICAO091</td><td style=\"border-left-width: 0px\">Shifa-COVIran Barakat</td><td>ICAO codes are brands and ICD11 is the generic type.</td></tr><tr><td style=\"border-right-width: 0px; border-bottom-style: none\">XM0K39</td><td style=\"border-left-width: 0px; border-bottom-style: none\">Covidful</td><td><a href=\"http://hl7.org/fhir/R4/codesystem-concept-map-equivalence.html#source-is-broader-than-target\" title=\"source-is-broader-than-target\">is broader than</a></td><td style=\"border-right-width: 0px\">ICAO092</td><td style=\"border-left-width: 0px\">Covidful</td><td>ICAO codes are brands and ICD11 is the generic type.</td></tr><tr><td style=\"border-right-width: 0px; border-top-style: none; border-bottom-style: none\"/><td style=\"border-left-width: 0px; border-top-style: none; border-bottom-style: none\"/><td><a href=\"http://hl7.org/fhir/R4/codesystem-concept-map-equivalence.html#source-is-broader-than-target\" title=\"source-is-broader-than-target\">is broader than</a></td><td style=\"border-right-width: 0px\">ICAO093</td><td style=\"border-left-width: 0px\">IMB-inactivated</td><td>ICAO codes are brands and ICD11 is the generic type.</td></tr><tr><td style=\"border-right-width: 0px; border-top-style: none\"/><td style=\"border-top-style: none; border-left-width: 0px\"/><td><a href=\"http://hl7.org/fhir/R4/codesystem-concept-map-equivalence.html#source-is-broader-than-target\" title=\"source-is-broader-than-target\">is broader than</a></td><td style=\"border-right-width: 0px\">ICAO094</td><td style=\"border-left-width: 0px\">IMB-Covidful</td><td>ICAO codes are brands and ICD11 is the generic type.</td></tr><tr><td style=\"border-right-width: 0px; border-bottom-style: none\">XM1AU2</td><td style=\"border-left-width: 0px; border-bottom-style: none\">Sinopharm WIBP-CorV</td><td><a href=\"http://hl7.org/fhir/R4/codesystem-concept-map-equivalence.html#source-is-broader-than-target\" title=\"source-is-broader-than-target\">is broader than</a></td><td style=\"border-right-width: 0px\">ICAO095</td><td style=\"border-left-width: 0px\">Sinopharm WIBP-CorV</td><td>ICAO codes are brands and ICD11 is the generic type.</td></tr><tr><td style=\"border-right-width: 0px; border-top-style: none; border-bottom-style: none\"/><td style=\"border-left-width: 0px; border-top-style: none; border-bottom-style: none\"/><td><a href=\"http://hl7.org/fhir/R4/codesystem-concept-map-equivalence.html#source-is-broader-than-target\" title=\"source-is-broader-than-target\">is broader than</a></td><td style=\"border-right-width: 0px\">ICAO096</td><td style=\"border-left-width: 0px\">WIBP-CorV</td><td>ICAO codes are brands and ICD11 is the generic type.</td></tr><tr><td style=\"border-right-width: 0px; border-top-style: none\"/><td style=\"border-top-style: none; border-left-width: 0px\"/><td><a href=\"http://hl7.org/fhir/R4/codesystem-concept-map-equivalence.html#source-is-broader-than-target\" title=\"source-is-broader-than-target\">is broader than</a></td><td style=\"border-right-width: 0px\">ICAO097</td><td style=\"border-left-width: 0px\">Wuhan CNBG-Inactivated</td><td>ICAO codes are brands and ICD11 is the generic type.</td></tr></table></div>"},"url":"http://worldhealthorganization.github.io/ddcc/ConceptMap/who-ddcc-map-icd11-icao-vaccines","version":"1.0.0","name":"ICD11_ICAO_COVID19_vaccines","title":"ConceptMap from ICD-11 to ICAO for Vaccines","status":"draft","experimental":true,"date":"2022-11-23","publisher":"WHO","contact":[{"name":"WHO","telecom":[{"system":"url","value":"http://who.int"}]}],"description":"Rule-based mappings between ICD-11 and ICAO for COVID-19 Vaccines","jurisdiction":[{"coding":[{"system":"http://unstats.un.org/unsd/methods/m49/m49.htm","code":"001"}]}],"group":[{"source":"http://id.who.int/icd11/mms","target":"http://worldhealthorganization.github.io/ddcc/ICAOV1","element":[{"code":"XM68M6","target":[{"modifierExtension":[{"url":"http://hl7.org/fhir/1.0/StructureDefinition/extension-ConceptMap.element.target.equivalence","valueCode":"narrower"}],"code":"ICAO001","equivalence":"narrower","comment":"ICAO codes are brands and ICD11 is the generic type."},{"modifierExtension":[{"url":"http://hl7.org/fhir/1.0/StructureDefinition/extension-ConceptMap.element.target.equivalence","valueCode":"narrower"}],"code":"ICAO002","equivalence":"narrower","comment":"ICAO codes are brands and ICD11 is the generic type."},{"modifierExtension":[{"url":"http://hl7.org/fhir/1.0/StructureDefinition/extension-ConceptMap.element.target.equivalence","valueCode":"narrower"}],"code":"ICAO003","equivalence":"narrower","comment":"ICAO codes are brands and ICD11 is the generic type."},{"modifierExtension":[{"url":"http://hl7.org/fhir/1.0/StructureDefinition/extension-ConceptMap.element.target.equivalence","valueCode":"narrower"}],"code":"ICAO004","equivalence":"narrower","comment":"ICAO codes are brands and ICD11 is the generic type."},{"modifierExtension":[{"url":"http://hl7.org/fhir/1.0/StructureDefinition/extension-ConceptMap.element.target.equivalence","valueCode":"narrower"}],"code":"ICAO005","equivalence":"narrower","comment":"ICAO codes are brands and ICD11 is the generic type."},{"modifierExtension":[{"url":"http://hl7.org/fhir/1.0/StructureDefinition/extension-ConceptMap.element.target.equivalence","valueCode":"narrower"}],"code":"ICAO006","equivalence":"narrower","comment":"ICAO codes are brands and ICD11 is the generic type."},{"modifierExtension":[{"url":"http://hl7.org/fhir/1.0/StructureDefinition/extension-ConceptMap.element.target.equivalence","valueCode":"narrower"}],"code":"ICAO007","equivalence":"narrower","comment":"ICAO codes are brands and ICD11 is the generic type."},{"modifierExtension":[{"url":"http://hl7.org/fhir/1.0/StructureDefinition/extension-ConceptMap.element.target.equivalence","valueCode":"narrower"}],"code":"ICAO008","equivalence":"narrower","comment":"ICAO codes are brands and ICD11 is the generic type."}]},{"code":"XM3DT5","target":[{"modifierExtension":[{"url":"http://hl7.org/fhir/1.0/StructureDefinition/extension-ConceptMap.element.target.equivalence","valueCode":"narrower"}],"code":"ICAO009","equivalence":"narrower","comment":"ICAO codes are brands and ICD11 is the generic type."},{"modifierExtension":[{"url":"http://hl7.org/fhir/1.0/StructureDefinition/extension-ConceptMap.element.target.equivalence","valueCode":"narrower"}],"code":"ICAO010","equivalence":"narrower","comment":"ICAO codes are brands and ICD11 is the generic type."},{"modifierExtension":[{"url":"http://hl7.org/fhir/1.0/StructureDefinition/extension-ConceptMap.element.target.equivalence","valueCode":"narrower"}],"code":"ICAO011","equivalence":"narrower","comment":"ICAO codes are brands and ICD11 is the generic type."},{"modifierExtension":[{"url":"http://hl7.org/fhir/1.0/StructureDefinition/extension-ConceptMap.element.target.equivalence","valueCode":"narrower"}],"code":"ICAO012","equivalence":"narrower","comment":"ICAO codes are brands and ICD11 is the generic type."}]},{"code":"XM52P3","target":[{"modifierExtension":[{"url":"http://hl7.org/fhir/1.0/StructureDefinition/extension-ConceptMap.element.target.equivalence","valueCode":"narrower"}],"code":"ICAO013","equivalence":"narrower","comment":"ICAO codes are brands and ICD11 is the generic type."},{"modifierExtension":[{"url":"http://hl7.org/fhir/1.0/StructureDefinition/extension-ConceptMap.element.target.equivalence","valueCode":"narrower"}],"code":"ICAO014","equivalence":"narrower","comment":"ICAO codes are brands and ICD11 is the generic type."}]},{"code":"XM3CT4","target":[{"modifierExtension":[{"url":"http://hl7.org/fhir/1.0/StructureDefinition/extension-ConceptMap.element.target.equivalence","valueCode":"narrower"}],"code":"ICAO015","equivalence":"narrower","comment":"ICAO codes are brands and ICD11 is the generic type."},{"modifierExtension":[{"url":"http://hl7.org/fhir/1.0/StructureDefinition/extension-ConceptMap.element.target.equivalence","valueCode":"narrower"}],"code":"ICAO016","equivalence":"narrower","comment":"ICAO codes are brands and ICD11 is the generic type."},{"modifierExtension":[{"url":"http://hl7.org/fhir/1.0/StructureDefinition/extension-ConceptMap.element.target.equivalence","valueCode":"narrower"}],"code":"ICAO017","equivalence":"narrower","comment":"ICAO codes are brands and ICD11 is the generic type."},{"modifierExtension":[{"url":"http://hl7.org/fhir/1.0/StructureDefinition/extension-ConceptMap.element.target.equivalence","valueCode":"narrower"}],"code":"ICAO018","equivalence":"narrower","comment":"ICAO codes are brands and ICD11 is the generic type."},{"modifierExtension":[{"url":"http://hl7.org/fhir/1.0/StructureDefinition/extension-ConceptMap.element.target.equivalence","valueCode":"narrower"}],"code":"ICAO019","equivalence":"narrower","comment":"ICAO codes are brands and ICD11 is the generic type."}]},{"code":"XM3PG0","target":[{"modifierExtension":[{"url":"http://hl7.org/fhir/1.0/StructureDefinition/extension-ConceptMap.element.target.equivalence","valueCode":"narrower"}],"code":"ICAO020","equivalence":"narrower","comment":"ICAO codes are brands and ICD11 is the generic type."},{"modifierExtension":[{"url":"http://hl7.org/fhir/1.0/StructureDefinition/extension-ConceptMap.element.target.equivalence","valueCode":"narrower"}],"code":"ICAO021","equivalence":"narrower","comment":"ICAO codes are brands and ICD11 is the generic type."},{"modifierExtension":[{"url":"http://hl7.org/fhir/1.0/StructureDefinition/extension-ConceptMap.element.target.equivalence","valueCode":"narrower"}],"code":"ICAO022","equivalence":"narrower","comment":"ICAO codes are brands and ICD11 is the generic type."},{"modifierExtension":[{"url":"http://hl7.org/fhir/1.0/StructureDefinition/extension-ConceptMap.element.target.equivalence","valueCode":"narrower"}],"code":"ICAO023","equivalence":"narrower","comment":"ICAO codes are brands and ICD11 is the generic type."},{"modifierExtension":[{"url":"http://hl7.org/fhir/1.0/StructureDefinition/extension-ConceptMap.element.target.equivalence","valueCode":"narrower"}],"code":"ICAO024","equivalence":"narrower","comment":"ICAO codes are brands and ICD11 is the generic type."}]},{"code":"XM4EC8","target":[{"modifierExtension":[{"url":"http://hl7.org/fhir/1.0/StructureDefinition/extension-ConceptMap.element.target.equivalence","valueCode":"narrower"}],"code":"ICAO025","equivalence":"narrower","comment":"ICAO codes are brands and ICD11 is the generic type."},{"modifierExtension":[{"url":"http://hl7.org/fhir/1.0/StructureDefinition/extension-ConceptMap.element.target.equivalence","valueCode":"narrower"}],"code":"ICAO026","equivalence":"narrower","comment":"ICAO codes are brands and ICD11 is the generic type."},{"modifierExtension":[{"url":"http://hl7.org/fhir/1.0/StructureDefinition/extension-ConceptMap.element.target.equivalence","valueCode":"narrower"}],"code":"ICAO027","equivalence":"narrower","comment":"ICAO codes are brands and ICD11 is the generic type."}]},{"code":"XM6SZ8","target":[{"modifierExtension":[{"url":"http://hl7.org/fhir/1.0/StructureDefinition/extension-ConceptMap.element.target.equivalence","valueCode":"narrower"}],"code":"ICAO028","equivalence":"narrower","comment":"ICAO codes are brands and ICD11 is the generic type."},{"modifierExtension":[{"url":"http://hl7.org/fhir/1.0/StructureDefinition/extension-ConceptMap.element.target.equivalence","valueCode":"narrower"}],"code":"ICAO029","equivalence":"narrower","comment":"ICAO codes are brands and ICD11 is the generic type."}]},{"code":"XM0RV9","target":[{"modifierExtension":[{"url":"http://hl7.org/fhir/1.0/StructureDefinition/extension-ConceptMap.element.target.equivalence","valueCode":"narrower"}],"code":"ICAO030","equivalence":"narrower","comment":"ICAO codes are brands and ICD11 is the generic type."},{"modifierExtension":[{"url":"http://hl7.org/fhir/1.0/StructureDefinition/extension-ConceptMap.element.target.equivalence","valueCode":"narrower"}],"code":"ICAO031","equivalence":"narrower","comment":"ICAO codes are brands and ICD11 is the generic type."}]},{"code":"XM3SK8","target":[{"modifierExtension":[{"url":"http://hl7.org/fhir/1.0/StructureDefinition/extension-ConceptMap.element.target.equivalence","valueCode":"narrower"}],"code":"ICAO032","equivalence":"narrower","comment":"ICAO codes are brands and ICD11 is the generic type."},{"modifierExtension":[{"url":"http://hl7.org/fhir/1.0/StructureDefinition/extension-ConceptMap.element.target.equivalence","valueCode":"narrower"}],"code":"ICAO033","equivalence":"narrower","comment":"ICAO codes are brands and ICD11 is the generic type."}]},{"code":"XM9P21","target":[{"modifierExtension":[{"url":"http://hl7.org/fhir/1.0/StructureDefinition/extension-ConceptMap.element.target.equivalence","valueCode":"narrower"}],"code":"ICAO034","equivalence":"narrower","comment":"ICAO codes are brands and ICD11 is the generic type."},{"modifierExtension":[{"url":"http://hl7.org/fhir/1.0/StructureDefinition/extension-ConceptMap.element.target.equivalence","valueCode":"narrower"}],"code":"ICAO035","equivalence":"narrower","comment":"ICAO codes are brands and ICD11 is the generic type."},{"modifierExtension":[{"url":"http://hl7.org/fhir/1.0/StructureDefinition/extension-ConceptMap.element.target.equivalence","valueCode":"narrower"}],"code":"ICAO036","equivalence":"narrower","comment":"ICAO codes are brands and ICD11 is the generic type."}]},{"code":"XM9T65","target":[{"modifierExtension":[{"url":"http://hl7.org/fhir/1.0/StructureDefinition/extension-ConceptMap.element.target.equivalence","valueCode":"narrower"}],"code":"ICAO037","equivalence":"narrower","comment":"ICAO codes are brands and ICD11 is the generic type."},{"modifierExtension":[{"url":"http://hl7.org/fhir/1.0/StructureDefinition/extension-ConceptMap.element.target.equivalence","valueCode":"narrower"}],"code":"ICAO038","equivalence":"narrower","comment":"ICAO codes are brands and ICD11 is the generic type."},{"modifierExtension":[{"url":"http://hl7.org/fhir/1.0/StructureDefinition/extension-ConceptMap.element.target.equivalence","valueCode":"narrower"}],"code":"ICAO039","equivalence":"narrower","comment":"ICAO codes are brands and ICD11 is the generic type."},{"modifierExtension":[{"url":"http://hl7.org/fhir/1.0/StructureDefinition/extension-ConceptMap.element.target.equivalence","valueCode":"narrower"}],"code":"ICAO040","equivalence":"narrower","comment":"ICAO codes are brands and ICD11 is the generic type."},{"modifierExtension":[{"url":"http://hl7.org/fhir/1.0/StructureDefinition/extension-ConceptMap.element.target.equivalence","valueCode":"narrower"}],"code":"ICAO041","equivalence":"narrower","comment":"ICAO codes are brands and ICD11 is the generic type."}]},{"code":"XM9N08","target":[{"modifierExtension":[{"url":"http://hl7.org/fhir/1.0/StructureDefinition/extension-ConceptMap.element.target.equivalence","valueCode":"narrower"}],"code":"ICAO042","equivalence":"narrower","comment":"ICAO codes are brands and ICD11 is the generic type."}]},{"code":"XM4YL8","target":[{"modifierExtension":[{"url":"http://hl7.org/fhir/1.0/StructureDefinition/extension-ConceptMap.element.target.equivalence","valueCode":"narrower"}],"code":"ICAO043","equivalence":"narrower","comment":"ICAO codes are brands and ICD11 is the generic type."},{"modifierExtension":[{"url":"http://hl7.org/fhir/1.0/StructureDefinition/extension-ConceptMap.element.target.equivalence","valueCode":"narrower"}],"code":"ICAO044","equivalence":"narrower","comment":"ICAO codes are brands and ICD11 is the generic type."},{"modifierExtension":[{"url":"http://hl7.org/fhir/1.0/StructureDefinition/extension-ConceptMap.element.target.equivalence","valueCode":"narrower"}],"code":"ICAO045","equivalence":"narrower","comment":"ICAO codes are brands and ICD11 is the generic type."},{"modifierExtension":[{"url":"http://hl7.org/fhir/1.0/StructureDefinition/extension-ConceptMap.element.target.equivalence","valueCode":"narrower"}],"code":"ICAO046","equivalence":"narrower","comment":"ICAO codes are brands and ICD11 is the generic type."},{"modifierExtension":[{"url":"http://hl7.org/fhir/1.0/StructureDefinition/extension-ConceptMap.element.target.equivalence","valueCode":"narrower"}],"code":"ICAO047","equivalence":"narrower","comment":"ICAO codes are brands and ICD11 is the generic type."},{"modifierExtension":[{"url":"http://hl7.org/fhir/1.0/StructureDefinition/extension-ConceptMap.element.target.equivalence","valueCode":"narrower"}],"code":"ICAO048","equivalence":"narrower","comment":"ICAO codes are brands and ICD11 is the generic type."},{"modifierExtension":[{"url":"http://hl7.org/fhir/1.0/StructureDefinition/extension-ConceptMap.element.target.equivalence","valueCode":"narrower"}],"code":"ICAO049","equivalence":"narrower","comment":"ICAO codes are brands and ICD11 is the generic type."}]},{"code":"XM97T2","target":[{"modifierExtension":[{"url":"http://hl7.org/fhir/1.0/StructureDefinition/extension-ConceptMap.element.target.equivalence","valueCode":"narrower"}],"code":"ICAO050","equivalence":"narrower","comment":"ICAO codes are brands and ICD11 is the generic type."},{"modifierExtension":[{"url":"http://hl7.org/fhir/1.0/StructureDefinition/extension-ConceptMap.element.target.equivalence","valueCode":"narrower"}],"code":"ICAO051","equivalence":"narrower","comment":"ICAO codes are brands and ICD11 is the generic type."},{"modifierExtension":[{"url":"http://hl7.org/fhir/1.0/StructureDefinition/extension-ConceptMap.element.target.equivalence","valueCode":"narrower"}],"code":"ICAO052","equivalence":"narrower","comment":"ICAO codes are brands and ICD11 is the generic type."},{"modifierExtension":[{"url":"http://hl7.org/fhir/1.0/StructureDefinition/extension-ConceptMap.element.target.equivalence","valueCode":"narrower"}],"code":"ICAO053","equivalence":"narrower","comment":"ICAO codes are brands and ICD11 is the generic type."},{"modifierExtension":[{"url":"http://hl7.org/fhir/1.0/StructureDefinition/extension-ConceptMap.element.target.equivalence","valueCode":"narrower"}],"code":"ICAO054","equivalence":"narrower","comment":"ICAO codes are brands and ICD11 is the generic type."}]},{"code":"XM6QV1","target":[{"modifierExtension":[{"url":"http://hl7.org/fhir/1.0/StructureDefinition/extension-ConceptMap.element.target.equivalence","valueCode":"narrower"}],"code":"ICAO055","equivalence":"narrower","comment":"ICAO codes are brands and ICD11 is the generic type."},{"modifierExtension":[{"url":"http://hl7.org/fhir/1.0/StructureDefinition/extension-ConceptMap.element.target.equivalence","valueCode":"narrower"}],"code":"ICAO056","equivalence":"narrower","comment":"ICAO codes are brands and ICD11 is the generic type."},{"modifierExtension":[{"url":"http://hl7.org/fhir/1.0/StructureDefinition/extension-ConceptMap.element.target.equivalence","valueCode":"narrower"}],"code":"ICAO057","equivalence":"narrower","comment":"ICAO codes are brands and ICD11 is the generic type."},{"modifierExtension":[{"url":"http://hl7.org/fhir/1.0/StructureDefinition/extension-ConceptMap.element.target.equivalence","valueCode":"narrower"}],"code":"ICAO058","equivalence":"narrower","comment":"ICAO codes are brands and ICD11 is the generic type."}]},{"code":"XM1AG7","target":[{"modifierExtension":[{"url":"http://hl7.org/fhir/1.0/StructureDefinition/extension-ConceptMap.element.target.equivalence","valueCode":"narrower"}],"code":"ICAO059","equivalence":"narrower","comment":"ICAO codes are brands and ICD11 is the generic type."},{"modifierExtension":[{"url":"http://hl7.org/fhir/1.0/StructureDefinition/extension-ConceptMap.element.target.equivalence","valueCode":"narrower"}],"code":"ICAO060","equivalence":"narrower","comment":"ICAO codes are brands and ICD11 is the generic type."},{"modifierExtension":[{"url":"http://hl7.org/fhir/1.0/StructureDefinition/extension-ConceptMap.element.target.equivalence","valueCode":"narrower"}],"code":"ICAO061","equivalence":"narrower","comment":"ICAO codes are brands and ICD11 is the generic type."}]},{"code":"XM5ZJ4","target":[{"modifierExtension":[{"url":"http://hl7.org/fhir/1.0/StructureDefinition/extension-ConceptMap.element.target.equivalence","valueCode":"narrower"}],"code":"ICAO062","equivalence":"narrower","comment":"ICAO codes are brands and ICD11 is the generic type."},{"modifierExtension":[{"url":"http://hl7.org/fhir/1.0/StructureDefinition/extension-ConceptMap.element.target.equivalence","valueCode":"narrower"}],"code":"ICAO063","equivalence":"narrower","comment":"ICAO codes are brands and ICD11 is the generic type."},{"modifierExtension":[{"url":"http://hl7.org/fhir/1.0/StructureDefinition/extension-ConceptMap.element.target.equivalence","valueCode":"narrower"}],"code":"ICAO064","equivalence":"narrower","comment":"ICAO codes are brands and ICD11 is the generic type."},{"modifierExtension":[{"url":"http://hl7.org/fhir/1.0/StructureDefinition/extension-ConceptMap.element.target.equivalence","valueCode":"narrower"}],"code":"ICAO065","equivalence":"narrower","comment":"ICAO codes are brands and ICD11 is the generic type."}]},{"code":"XM5QM6","target":[{"modifierExtension":[{"url":"http://hl7.org/fhir/1.0/StructureDefinition/extension-ConceptMap.element.target.equivalence","valueCode":"narrower"}],"code":"ICAO066","equivalence":"narrower","comment":"ICAO codes are brands and ICD11 is the generic type."},{"modifierExtension":[{"url":"http://hl7.org/fhir/1.0/StructureDefinition/extension-ConceptMap.element.target.equivalence","valueCode":"narrower"}],"code":"ICAO067","equivalence":"narrower","comment":"ICAO codes are brands and ICD11 is the generic type."}]},{"code":"XM7HT3","target":[{"modifierExtension":[{"url":"http://hl7.org/fhir/1.0/StructureDefinition/extension-ConceptMap.element.target.equivalence","valueCode":"narrower"}],"code":"ICAO068","equivalence":"narrower","comment":"ICAO codes are brands and ICD11 is the generic type."},{"modifierExtension":[{"url":"http://hl7.org/fhir/1.0/StructureDefinition/extension-ConceptMap.element.target.equivalence","valueCode":"narrower"}],"code":"ICAO069","equivalence":"narrower","comment":"ICAO codes are brands and ICD11 is the generic type."},{"modifierExtension":[{"url":"http://hl7.org/fhir/1.0/StructureDefinition/extension-ConceptMap.element.target.equivalence","valueCode":"narrower"}],"code":"ICAO070","equivalence":"narrower","comment":"ICAO codes are brands and ICD11 is the generic type."}]},{"code":"XM8866","target":[{"modifierExtension":[{"url":"http://hl7.org/fhir/1.0/StructureDefinition/extension-ConceptMap.element.target.equivalence","valueCode":"narrower"}],"code":"ICAO071","equivalence":"narrower","comment":"ICAO codes are brands and ICD11 is the generic type."},{"modifierExtension":[{"url":"http://hl7.org/fhir/1.0/StructureDefinition/extension-ConceptMap.element.target.equivalence","valueCode":"narrower"}],"code":"ICAO072","equivalence":"narrower","comment":"ICAO codes are brands and ICD11 is the generic type."},{"modifierExtension":[{"url":"http://hl7.org/fhir/1.0/StructureDefinition/extension-ConceptMap.element.target.equivalence","valueCode":"narrower"}],"code":"ICAO073","equivalence":"narrower","comment":"ICAO codes are brands and ICD11 is the generic type."},{"modifierExtension":[{"url":"http://hl7.org/fhir/1.0/StructureDefinition/extension-ConceptMap.element.target.equivalence","valueCode":"narrower"}],"code":"ICAO074","equivalence":"narrower","comment":"ICAO codes are brands and ICD11 is the generic type."},{"modifierExtension":[{"url":"http://hl7.org/fhir/1.0/StructureDefinition/extension-ConceptMap.element.target.equivalence","valueCode":"narrower"}],"code":"ICAO075","equivalence":"narrower","comment":"ICAO codes are brands and ICD11 is the generic type."}]},{"code":"XM9TQ1","target":[{"modifierExtension":[{"url":"http://hl7.org/fhir/1.0/StructureDefinition/extension-ConceptMap.element.target.equivalence","valueCode":"narrower"}],"code":"ICAO076","equivalence":"narrower","comment":"ICAO codes are brands and ICD11 is the generic type."},{"modifierExtension":[{"url":"http://hl7.org/fhir/1.0/StructureDefinition/extension-ConceptMap.element.target.equivalence","valueCode":"narrower"}],"code":"ICAO077","equivalence":"narrower","comment":"ICAO codes are brands and ICD11 is the generic type."},{"modifierExtension":[{"url":"http://hl7.org/fhir/1.0/StructureDefinition/extension-ConceptMap.element.target.equivalence","valueCode":"narrower"}],"code":"ICAO078","equivalence":"narrower","comment":"ICAO codes are brands and ICD11 is the generic type."}]},{"code":"XM1G90","target":[{"modifierExtension":[{"url":"http://hl7.org/fhir/1.0/StructureDefinition/extension-ConceptMap.element.target.equivalence","valueCode":"narrower"}],"code":"ICAO079","equivalence":"narrower","comment":"ICAO codes are brands and ICD11 is the generic type."},{"modifierExtension":[{"url":"http://hl7.org/fhir/1.0/StructureDefinition/extension-ConceptMap.element.target.equivalence","valueCode":"narrower"}],"code":"ICAO080","equivalence":"narrower","comment":"ICAO codes are brands and ICD11 is the generic type."},{"modifierExtension":[{"url":"http://hl7.org/fhir/1.0/StructureDefinition/extension-ConceptMap.element.target.equivalence","valueCode":"narrower"}],"code":"ICAO081","equivalence":"narrower","comment":"ICAO codes are brands and ICD11 is the generic type."}]},{"code":"XM85P5","target":[{"modifierExtension":[{"url":"http://hl7.org/fhir/1.0/StructureDefinition/extension-ConceptMap.element.target.equivalence","valueCode":"narrower"}],"code":"ICAO082","equivalence":"narrower","comment":"ICAO codes are brands and ICD11 is the generic type."},{"modifierExtension":[{"url":"http://hl7.org/fhir/1.0/StructureDefinition/extension-ConceptMap.element.target.equivalence","valueCode":"narrower"}],"code":"ICAO083","equivalence":"narrower","comment":"ICAO codes are brands and ICD11 is the generic type."},{"modifierExtension":[{"url":"http://hl7.org/fhir/1.0/StructureDefinition/extension-ConceptMap.element.target.equivalence","valueCode":"narrower"}],"code":"ICAO084","equivalence":"narrower","comment":"ICAO codes are brands and ICD11 is the generic type."}]},{"code":"XM9FQ7","target":[{"modifierExtension":[{"url":"http://hl7.org/fhir/1.0/StructureDefinition/extension-ConceptMap.element.target.equivalence","valueCode":"narrower"}],"code":"ICAO085","equivalence":"narrower","comment":"ICAO codes are brands and ICD11 is the generic type."},{"modifierExtension":[{"url":"http://hl7.org/fhir/1.0/StructureDefinition/extension-ConceptMap.element.target.equivalence","valueCode":"narrower"}],"code":"ICAO086","equivalence":"narrower","comment":"ICAO codes are brands and ICD11 is the generic type."}]},{"code":"XM97N6","target":[{"modifierExtension":[{"url":"http://hl7.org/fhir/1.0/StructureDefinition/extension-ConceptMap.element.target.equivalence","valueCode":"narrower"}],"code":"ICAO087","equivalence":"narrower","comment":"ICAO codes are brands and ICD11 is the generic type."},{"modifierExtension":[{"url":"http://hl7.org/fhir/1.0/StructureDefinition/extension-ConceptMap.element.target.equivalence","valueCode":"narrower"}],"code":"ICAO088","equivalence":"narrower","comment":"ICAO codes are brands and ICD11 is the generic type."},{"modifierExtension":[{"url":"http://hl7.org/fhir/1.0/StructureDefinition/extension-ConceptMap.element.target.equivalence","valueCode":"narrower"}],"code":"ICAO089","equivalence":"narrower","comment":"ICAO codes are brands and ICD11 is the generic type."}]},{"code":"XM2YG8","target":[{"modifierExtension":[{"url":"http://hl7.org/fhir/1.0/StructureDefinition/extension-ConceptMap.element.target.equivalence","valueCode":"narrower"}],"code":"ICAO090","equivalence":"narrower","comment":"ICAO codes are brands and ICD11 is the generic type."},{"modifierExtension":[{"url":"http://hl7.org/fhir/1.0/StructureDefinition/extension-ConceptMap.element.target.equivalence","valueCode":"narrower"}],"code":"ICAO091","equivalence":"narrower","comment":"ICAO codes are brands and ICD11 is the generic type."}]},{"code":"XM0K39","target":[{"modifierExtension":[{"url":"http://hl7.org/fhir/1.0/StructureDefinition/extension-ConceptMap.element.target.equivalence","valueCode":"narrower"}],"code":"ICAO092","equivalence":"narrower","comment":"ICAO codes are brands and ICD11 is the generic type."},{"modifierExtension":[{"url":"http://hl7.org/fhir/1.0/StructureDefinition/extension-ConceptMap.element.target.equivalence","valueCode":"narrower"}],"code":"ICAO093","equivalence":"narrower","comment":"ICAO codes are brands and ICD11 is the generic type."},{"modifierExtension":[{"url":"http://hl7.org/fhir/1.0/StructureDefinition/extension-ConceptMap.element.target.equivalence","valueCode":"narrower"}],"code":"ICAO094","equivalence":"narrower","comment":"ICAO codes are brands and ICD11 is the generic type."}]},{"code":"XM1AU2","target":[{"modifierExtension":[{"url":"http://hl7.org/fhir/1.0/StructureDefinition/extension-ConceptMap.element.target.equivalence","valueCode":"narrower"}],"code":"ICAO095","equivalence":"narrower","comment":"ICAO codes are brands and ICD11 is the generic type."},{"modifierExtension":[{"url":"http://hl7.org/fhir/1.0/StructureDefinition/extension-ConceptMap.element.target.equivalence","valueCode":"narrower"}],"code":"ICAO096","equivalence":"narrower","comment":"ICAO codes are brands and ICD11 is the generic type."},{"modifierExtension":[{"url":"http://hl7.org/fhir/1.0/StructureDefinition/extension-ConceptMap.element.target.equivalence","valueCode":"narrower"}],"code":"ICAO097","equivalence":"narrower","comment":"ICAO codes are brands and ICD11 is the generic type."}]}]}]}